-- phpMyAdmin SQL Dump
-- version 5.2.1
-- https://www.phpmyadmin.net/
--
-- Host: 127.0.0.1
-- Generation Time: Mar 29, 2024 at 06:14 PM
-- Server version: 10.4.32-MariaDB
-- PHP Version: 8.2.12

SET SQL_MODE = "NO_AUTO_VALUE_ON_ZERO";
START TRANSACTION;
SET time_zone = "+00:00";


/*!40101 SET @OLD_CHARACTER_SET_CLIENT=@@CHARACTER_SET_CLIENT */;
/*!40101 SET @OLD_CHARACTER_SET_RESULTS=@@CHARACTER_SET_RESULTS */;
/*!40101 SET @OLD_COLLATION_CONNECTION=@@COLLATION_CONNECTION */;
/*!40101 SET NAMES utf8mb4 */;

--
-- Database: `ip`
--

-- --------------------------------------------------------

--
-- Table structure for table `employee`
--

CREATE TABLE `employee` (
  `Employee_Id` int(11) NOT NULL,
  `Employee_Name` varchar(100) NOT NULL,
  `Employee_Tel` varchar(100) NOT NULL,
  `Role_Id` int(11) NOT NULL
) ENGINE=InnoDB DEFAULT CHARSET=utf8 COLLATE=utf8_general_ci;

--
-- Dumping data for table `employee`
--

INSERT INTO `employee` (`Employee_Id`, `Employee_Name`, `Employee_Tel`, `Role_Id`) VALUES
(1, 'อเนก สากุล', '0901256398', 1),
(2, 'สมเกียรติ นากเอี่ยม', '0991232435', 2),
(3, 'สิน เสมทนง', '0883452454', 3),
(4, 'ประภาท สุขกิจ', '0833446745', 4),
(5, 'อาวรณ์ นวลจันทร์', '0853689341', 4);

-- --------------------------------------------------------

--
-- Table structure for table `member`
--

CREATE TABLE `member` (
  `Member_Id` int(11) NOT NULL,
  `Member_Name` varchar(100) NOT NULL,
  `Member_Tel` varchar(100) NOT NULL,
  `Member_Point` int(11) NOT NULL,
  `Member_PointUse` int(11) NOT NULL,
  `Member_PointAdd` int(11) NOT NULL,
  `Member_Since` date NOT NULL,
  `Member_Status` varchar(100) NOT NULL,
  `Member_Period` varchar(100) NOT NULL,
  `Member_Address` varchar(100) NOT NULL,
  `Member_Subdistrict` varchar(100) NOT NULL,
  `Member_Dustrict` varchar(100) NOT NULL,
  `Member_Province` varchar(100) NOT NULL
) ENGINE=InnoDB DEFAULT CHARSET=utf8 COLLATE=utf8_general_ci;

--
-- Dumping data for table `member`
--

INSERT INTO `member` (`Member_Id`, `Member_Name`, `Member_Tel`, `Member_Point`, `Member_PointUse`, `Member_PointAdd`, `Member_Since`, `Member_Status`, `Member_Period`, `Member_Address`, `Member_Subdistrict`, `Member_Dustrict`, `Member_Province`) VALUES
(1, 'สมชาย กรวิชญ์พงศา', '0689214735', 1102, 0, 1102, '2022-01-02', 'TRUE', '2 year', '53 ม.5', 'บึงนาราง', 'บึงนาราง', '66130'),
(2, 'รุจิรา คณพัฒน์พงศา', '0983145726', 1918, 0, 1918, '2022-01-03', 'TRUE', '2 year', '80 ม.3', 'โพทะเล', 'โพทะเล', '66130'),
(3, 'สุรชัย ก่อกุลสุทธิเลิศ', '0696543127', 1827, 0, 1827, '2022-01-03', 'TRUE', '2 year', '44 ม.5', 'สำนักขุนเณร', 'ดงเจริญ', '66210'),
(4, 'วิไล ตั้งธีระนพคุณ', '0987315246', 430, 0, 430, '2022-01-03', 'TRUE', '2 year', '21 ม.4', 'บึงบัว', 'วชิรบารมี', '66140'),
(5, 'ประสิทธิ์ ก่อเกียรติเกริก', '0682159437', 277, 0, 277, '2022-01-03', 'TRUE', '2 year', '68 ม.1', 'วังสำโรง', 'บางมูลนาก', '66120'),
(6, 'สมชาย กรวิชญ์พงศา', '0984756123', 876, 0, 876, '2022-01-04', 'TRUE', '2 year', '4 ม.3', 'สากเหล็ก', 'สากเหล็ก', '66160'),
(7, 'ประทีป ก้องเกียรติเกริก', '0693482157', 295, 0, 295, '2022-01-07', 'TRUE', '2 year', '46 ม.2', 'หัวดง', 'เมือง', '66000'),
(8, 'นันทนา ชุติเบญญากุล', '0986523147', 1338, 0, 1338, '2022-01-08', 'TRUE', '2 year', '58 ม.2', 'คลองคูณ', 'ตะพานหิน', '66110'),
(9, 'ณัฐพงษ์  กานต์รีราพงศ์', '0681975243', 1451, 0, 1451, '2022-01-08', 'TRUE', '2 year', '38 ม2', 'หนองปลาไหล', 'วังทรายพูน', '66180'),
(10, 'ชัชชา  ตรัยพิทยนาถ', '0983462157', 1060, 0, 1060, '2022-01-09', 'TRUE', '2 year', '72 ม.8', 'เขาทราย', 'ทับคล้อ', '66150'),
(11, 'ณัฐชยา กำจรรัศมี', '0698125347', 1422, 0, 1422, '2022-01-09', 'TRUE', '2 year', '95/8 ม.9', 'กำแพงดิน', 'สามง่าม', '66140'),
(12, 'อรรถวรรณ  โชคพรพิศาล', '0983251746', 1372, 0, 1372, '2022-01-10', 'TRUE', '2 year', '19 ม.5', 'ไผ่รอบ', 'โพธิ์ประทับช้าง', '66190'),
(13, 'วิศรุต  กำธรธรากิจ', '0684573921', 931, 0, 931, '2022-01-12', 'TRUE', '2 year', '62/8 ม.4', 'โพธิ์ไทรงาม', 'บึงนาราง', '66130'),
(14, 'รุจิรา คณพัฒน์พงศา', '0986715243', 904, 0, 904, '2022-01-13', 'TRUE', '2 year', '70/5 ม.6', 'ทุ่งน้อย', 'โพทะเล', '66130'),
(15, 'ประวิทย์ กิจบูรณภาพ', '0698245137', 1122, 0, 1122, '2022-01-13', 'TRUE', '2 year', '74/2 ม.1', 'สำนักขุนเณร', 'ดงเจริญ', '66210'),
(16, 'พรชัย  ณรงค์ชัยศักดิ์', '0891325746', 1272, 0, 1272, '2022-01-14', 'TRUE', '2 year', '78/9 ม.1', 'บึงบัว', 'วชิรบารมี', '66140'),
(17, 'สุริยา กิตติคุณจรัส', '0687651243', 597, 0, 597, '2022-01-14', 'TRUE', '2 year', '45 ม.2', 'บางไผ่', 'บางมูลนาก', '66120'),
(18, 'ณัฐภัทร งามจำเริญกุล', '0983124576', 1409, 0, 1409, '2022-01-15', 'TRUE', '2 year', '3 ม.3', 'คลองทราย', 'สากเหล็ก', '66160'),
(19, 'วิภาดา  กิตติ๋วรศักดิ์', '0698451327', 285, 0, 285, '2022-01-17', 'TRUE', '2 year', '99/3 ม.4', 'ดงกลาง', 'เมือง', '66000'),
(20, 'สมพร จารุกุลภักดี', '0982376154', 406, 0, 406, '2022-01-17', 'TRUE', '2 year', '33 ม.4', 'วังสำโรง', 'ตะพานหิน', '66110'),
(21, 'ชุติมา  งามเอี่ยม', '0685149327', 1022, 0, 1022, '2022-01-19', 'TRUE', '2 year', '94 ม.11', 'หนองปลาไหล', 'วังทรายพูน', '66180'),
(22, 'สุวิทย์  ศรีนาราง', '0986175423', 1122, 0, 1122, '2022-01-21', 'TRUE', '2 year', '99/9 ม.10', 'เขาทราย', 'ทับคล้อ', '66150'),
(23, 'วาสนา  โคกเทียน', '0698251473', 914, 0, 914, '2022-01-24', 'TRUE', '2 year', '45/3 ม.8', 'กำแพงดิน', 'สามง่าม', '66140'),
(24, 'ชาญชัย  สังข์เมือง', '0983746215', 833, 0, 833, '2022-01-26', 'TRUE', '2 year', '85 ม.6', 'ไผ่รอบ', 'โพธิ์ประทับช้าง', '66190'),
(25, 'สุชาติ เสมทนง', '0684125739', 878, 0, 878, '2022-01-27', 'TRUE', '2 year', '94/8 ม.5', 'โพธิ์ไทรงาม', 'บึงนาราง', '66130'),
(26, 'สุวิทย์  ศรีนาราง', '0985673142', 328, 0, 328, '2022-01-29', 'TRUE', '2 year', '48 ม.3', 'ทะนง', 'โพทะเล', '66130'),
(27, 'ประทีป เนียมเรือง', '0698145327', 783, 0, 783, '2022-01-30', 'TRUE', '2 year', '36/7 ม.9', 'ทะนง', 'โพทะเล', '66210'),
(28, 'นันทนา  รมภณธรคมน์', '0896247513', 962, 0, 962, '2022-01-31', 'TRUE', '2 year', '85/3 ม.7', 'บึงบัว', 'วชิรบารมี', '66140'),
(29, 'วิรัตน์   คงจุ้ย', '0684753129', 589, 0, 589, '2022-02-02', 'TRUE', '2 year', '57/9 ม.9', 'วังตะกู', 'บางมูลนาก', '66120'),
(30, 'กนกพร  ดมชโยครรชิต', '0983215476', 317, 0, 317, '2022-02-02', 'TRUE', '2 year', '75/5 ม.5', 'วังทับไทร', 'สากเหล็ก', '66160'),
(31, 'วิทยา อ่อนใจ', '0698452317', 302, 0, 302, '2022-02-02', 'TRUE', '2 year', '135/1 ม.1', 'บึงนาราง', 'บึงนาราง', '66000'),
(32, 'ณภัทร ธีระวรากร', '0986173254', 804, 0, 804, '2022-02-02', 'TRUE', '2 year', '712/2 ม.9', 'โพทะเล', 'โพทะเล', '66110'),
(33, 'สุวัฒน์ ศิลานนท์', '0689457213', 1873, 0, 1873, '2022-02-03', 'TRUE', '2 year', '498/1 ม.7', 'สำนักขุนเณร', 'ดงเจริญ', '66180'),
(34, 'จิรายุ จันทร์เพ็ญ', '0982315746', 1294, 0, 1294, '2022-02-03', 'TRUE', '2 year', '276/4 ม.4', 'บึงบัว', 'วชิรบารมี', '66150'),
(35, 'ณัฐภัทร์ พูลสวัสดิ์', '0698125347', 794, 0, 794, '2022-02-04', 'TRUE', '2 year', '621/5 ม.1', 'วังสำโรง', 'บางมูลนาก', '66140'),
(36, 'ธนพล สุวรรณวงศ์', '0983651247', 1643, 0, 1643, '2022-02-04', 'TRUE', '2 year', '855/1 ม.2', 'สากเหล็ก', 'สากเหล็ก', '66190'),
(37, 'วรวิทย์ จันทร์พล', '0685471932', 856, 0, 856, '2022-02-06', 'TRUE', '2 year', '193/7 ม.1', 'หัวดง', 'เมือง', '66130'),
(38, 'ภูธเนศ มณีสุข', '0987125346', 305, 0, 305, '2022-02-07', 'TRUE', '2 year', '367/1 ม.11', 'คลองคูณ', 'ตะพานหิน', '66130'),
(39, 'อัญชลี พงศ์รัตน์', '0698453127', 1871, 0, 1871, '2022-02-07', 'TRUE', '2 year', '504/1 ม.8', 'หนองปลาไหล', 'วังทรายพูน', '66210'),
(40, 'สมใจ อนันตพงศ์', '0982613475', 880, 0, 880, '2022-02-08', 'TRUE', '2 year', '829/1 ม.5', 'เขาทราย', 'ทับคล้อ', '66140'),
(41, 'พีรวิชญ์ สุขสวัสดิ์', '0689157243', 1980, 0, 1980, '2022-02-09', 'TRUE', '2 year', '411/11 ม.6', 'กำแพงดิน', 'สามง่าม', '66120'),
(42, 'ศุภกร เหลืองสวัสดิ์', '0987546123', 1302, 0, 1302, '2022-02-09', 'TRUE', '2 year', '682/2 ม.10', 'ไผ่รอบ', 'โพธิ์ประทับช้าง', '66160'),
(43, 'สรวล ช่างอุตรดิตถ์', '0698234157', 1549, 0, 1549, '2022-02-10', 'TRUE', '2 year', '943/1 ม.12', 'โพธิ์ไทรงาม', 'บึงนาราง', '66000'),
(44, 'อรวรรณ มณีสุข', '0983175246', 1220, 0, 1220, '2022-02-11', 'TRUE', '2 year', '127/7 ม.3', 'ทุ่งน้อย', 'โพทะเล', '66110'),
(45, 'ณัฐชา วงศ์สวัสดิ์', '0684957123', 1863, 0, 1863, '2022-02-11', 'TRUE', '2 year', '596/1 ม.1', 'สำนักขุนเณร', 'ดงเจริญ', '66180'),
(46, 'ณัฐพล สุขสวัสดิ์', '0986213475', 341, 0, 341, '2022-02-12', 'TRUE', '2 year', '348/1 ม.1', 'บึงบัว', 'วชิรบารมี', '66150'),
(47, 'กนกพร วรรณโสภณ', '0698741523', 977, 0, 977, '2022-02-12', 'TRUE', '2 year', '760/6 ม.9', 'บางไผ่', 'บางมูลนาก', '66140'),
(48, 'ปวีณา อ่อนใจ', '0985326174', 1047, 0, 1047, '2022-02-12', 'TRUE', '2 year', '682/2 ม.6', 'คลองทราย', 'สากเหล็ก', '66190'),
(49, 'อรวรรณ ช่างอุตรดิตถ์', '0682149537', 569, 0, 569, '2022-02-14', 'TRUE', '2 year', '259/1 ม.5', 'ดงกลาง', 'เมือง', '66130'),
(50, 'สิรวัฒน์ ศรีสวัสดิ์', '0984675123', 603, 0, 603, '2022-02-17', 'TRUE', '2 year', '501/1 ม.4', 'วังสำโรง', 'ตะพานหิน', '66130'),
(51, 'วิภาวดี วรรณสวัสดิ์', '0698234517', 1215, 0, 1215, '2022-02-19', 'TRUE', '2 year', '937/1 ม.2', 'หนองปลาไหล', 'วังทรายพูน', '66210'),
(52, 'ศรีสุดา ศิริสมบัติ', '0981765243', 881, 0, 881, '2022-02-20', 'TRUE', '2 year', '425/5 ม.3', 'เขาทราย', 'ทับคล้อ', '66140'),
(53, 'วรพล วิวัฒน์สุวรรณ', '0684957213', 429, 0, 429, '2022-02-20', 'TRUE', '2 year', '871/1 ม.7', 'กำแพงดิน', 'สามง่าม', '66120'),
(54, 'ธนวิชญ์ สุวรรณภูมิ', '0983215746', 209, 0, 209, '2022-02-21', 'TRUE', '2 year', '630/1 ม.8', 'ไผ่รอบ', 'โพธิ์ประทับช้าง', '66160'),
(55, 'สมศักดิ์ ช่างอุตรดิตถ์', '0698741523', 196, 0, 196, '2022-02-21', 'TRUE', '2 year', '184/4 ม.12', 'โพธิ์ไทรงาม', 'บึงนาราง', '66000'),
(56, 'สุพิชญา ศิริสมบัติ', '0985326174', 1370, 0, 1370, '2022-02-22', 'TRUE', '2 year', '315/5 ม.1', 'ทะนง', 'โพทะเล', '66110'),
(57, 'ณัฐภัทร พันธุ์สมบัติ', '0682149537', 1984, 0, 1984, '2022-02-22', 'TRUE', '2 year', '794/4 ม.9', 'ทะนง', 'โพทะเล', '66180'),
(58, 'วรพล อ่อนใจ', '0984675123', 856, 0, 856, '2022-02-23', 'TRUE', '2 year', '243/3 ม.2', 'บึงบัว', 'วชิรบารมี', '66150'),
(59, 'ภูวัน มณีสุข', '0698234517', 357, 0, 357, '2022-02-24', 'TRUE', '2 year', '507/7 ม.11', 'วังตะกู', 'บางมูลนาก', '66140'),
(60, 'ณภัทร จันทร์พล', '0981765243', 1216, 0, 1216, '2022-02-24', 'TRUE', '2 year', '926/6 ม.5', 'วังทับไทร', 'สากเหล็ก', '66190'),
(61, 'ณัฐวุฒิ สุวรรณวงศ์', '0684957213', 1397, 0, 1397, '2022-02-25', 'TRUE', '2 year', '158/8 ม.1', 'บึงนาราง', 'บึงนาราง', '66130'),
(62, 'วิชญาณี จันทร์พล', '0983215746', 424, 0, 424, '2022-02-26', 'TRUE', '2 year', '653/3 ม.3', 'โพทะเล', 'โพทะเล', '66130'),
(63, 'อรอนงค์ วิวัฒน์สุวรรณ', '0698741523', 1430, 0, 1430, '2022-02-26', 'TRUE', '2 year', '902/1 ม.2', 'สำนักขุนเณร', 'ดงเจริญ', '66210'),
(64, 'ธนพล สมบูรณ์สุข', '0985326174', 1800, 0, 1800, '2022-02-27', 'TRUE', '2 year', '417/7 ม.9', 'บึงบัว', 'วชิรบารมี', '66140'),
(65, 'ณัฐวรา วรรณโสภณ', '0682149537', 493, 0, 493, '2022-02-27', 'TRUE', '2 year', '865/5 ม.7', 'วังสำโรง', 'บางมูลนาก', '66120'),
(66, 'ณัฐชา ช่างอุตรดิตถ์', '0984675123', 148, 0, 148, '2022-02-28', 'TRUE', '2 year', '289/1 ม.12', 'สากเหล็ก', 'สากเหล็ก', '66160'),
(67, 'ประภาพร ศิริสมบัติ', '0698234517', 1958, 0, 1958, '2022-02-28', 'TRUE', '2 year', '536/6 ม.8', 'หัวดง', 'เมือง', '66000'),
(68, 'ณัฐชนน วงศ์สวัสดิ์', '0981765243', 1859, 0, 1859, '2022-03-01', 'TRUE', '2 year', '771/7 ม.1', 'คลองคูณ', 'ตะพานหิน', '66110'),
(69, 'ธนพล พันธุ์สมบัติ', '0684957213', 1992, 0, 1992, '2022-03-01', 'TRUE', '2 year', '308/8 ม.3', 'หนองปลาไหล', 'วังทรายพูน', '66180'),
(70, 'วรเมธ ศรีสวัสดิ์', '0983215746', 281, 0, 281, '2022-03-01', 'TRUE', '2 year', '610/1 ม.6', 'เขาทราย', 'ทับคล้อ', '66150'),
(71, 'ณัฐพล วิวัฒน์สุวรรณ', '0698741523', 489, 0, 489, '2022-03-01', 'TRUE', '2 year', '934/4 ม.5', 'กำแพงดิน', 'สามง่าม', '66140'),
(72, 'ศุภศิริ ศิริสมบัติ', '0985326174', 1100, 0, 1100, '2022-03-01', 'TRUE', '2 year', '754/5 ม.2', 'ไผ่รอบ', 'โพธิ์ประทับช้าง', '66190'),
(73, 'ณัฐพล สมบูรณ์สุข', '0682149537', 1306, 0, 1306, '2022-03-02', 'TRUE', '2 year', '129/1 ม.1', 'โพธิ์ไทรงาม', 'บึงนาราง', '66130'),
(74, 'วรรธน์ อ่อนใจ', '0984675123', 1895, 0, 1895, '2022-03-02', 'TRUE', '2 year', '624/4 ม.7', 'ทุ่งน้อย', 'โพทะเล', '66130'),
(75, 'สุรภัทร ช่างอุตรดิตถ์', '0698234517', 1533, 0, 1533, '2022-03-03', 'TRUE', '2 year', '871/1 ม.8', 'สำนักขุนเณร', 'ดงเจริญ', '66210'),
(76, 'ณัฐพล วิวัฒน์สวัสดิ์', '0981765243', 772, 0, 772, '2022-03-03', 'TRUE', '2 year', '305/5 ม.1', 'บึงบัว', 'วชิรบารมี', '66140'),
(77, 'อรวรรณ วรรณสวัสดิ์', '0684957213', 1022, 0, 1022, '2022-03-04', 'TRUE', '2 year', '569/9 ม.2', 'บางไผ่', 'บางมูลนาก', '66120'),
(78, 'วรเมธ ช่างอุตรดิตถ์', '0983215746', 636, 0, 636, '2022-03-05', 'TRUE', '2 year', '817/7 ม.1', 'คลองทราย', 'สากเหล็ก', '66160'),
(79, 'ณัฐพล ช่างอุตรดิตถ์', '0698741523', 1609, 0, 1609, '2022-03-05', 'TRUE', '2 year', '462/9 ม.11', 'ดงกลาง', 'เมือง', '66000'),
(80, 'วิภาวดี ธีระวรากร', '0985326174', 1457, 0, 1457, '2022-03-06', 'TRUE', '2 year', '731/9 ม.4', 'วังสำโรง', 'ตะพานหิน', '66110'),
(81, 'วรวิทย์ ช่างอุตรดิตถ์', '0682149537', 1127, 0, 1127, '2022-03-06', 'TRUE', '2 year', '195/9 ม.12', 'หนองปลาไหล', 'วังทรายพูน', '66180'),
(82, 'วิภาวดี จันทร์เพ็ญ', '0984675123', 517, 0, 517, '2022-03-07', 'TRUE', '2 year', '617/7 ม.6', 'เขาทราย', 'ทับคล้อ', '66150'),
(83, 'อรอนงค์ ศิริสมบัติ', '0698234517', 1537, 0, 1537, '2022-03-07', 'TRUE', '2 year', '849/9 ม.5', 'กำแพงดิน', 'สามง่าม', '66140'),
(84, 'ปวริศ วิวัฒน์สุวรรณ', '0981765243', 1826, 0, 1826, '2022-03-08', 'TRUE', '2 year', '382/2 ม.1', 'ไผ่รอบ', 'โพธิ์ประทับช้าง', '66190'),
(85, 'สุนิสา ศรีสวัสดิ์', '0684957213', 530, 0, 530, '2022-03-10', 'TRUE', '2 year', '954/9 ม.7', 'โพธิ์ไทรงาม', 'บึงนาราง', '66130'),
(86, 'ณัฐวรา ช่างอุตรดิตถ์', '0983215746', 948, 0, 948, '2022-03-11', 'TRUE', '2 year', '620/9 ม.2', 'ทะนง', 'โพทะเล', '66130'),
(87, 'วิภาวดี วรรณโสภณ', '0698741523', 1977, 0, 1977, '2022-03-11', 'TRUE', '2 year', '148/8 ม.10', 'ทะนง', 'โพทะเล', '66210'),
(88, 'ภูมินทร์ ศิลานนท์', '0985326174', 243, 0, 243, '2022-03-12', 'TRUE', '2 year', '713/9 ม.1', 'บึงบัว', 'วชิรบารมี', '66140'),
(89, 'วิทวัส จันทร์พล', '0682149537', 1578, 0, 1578, '2022-03-12', 'TRUE', '2 year', '496/6 ม.3', 'วังตะกู', 'บางมูลนาก', '66120'),
(90, 'วิชญาณี วรรณสวัสดิ์', '0984675123', 1435, 0, 1435, '2022-03-12', 'TRUE', '2 year', '281/1 ม.5', 'วังทับไทร', 'สากเหล็ก', '66160'),
(91, 'สรวิชญ์ สุขสวัสดิ์', '0698234517', 1368, 0, 1368, '2022-03-13', 'TRUE', '2 year', '570/9 ม.7', 'บึงนาราง', 'บึงนาราง', '66000'),
(92, 'ธนดล วิวัฒน์สุวรรณ', '0981765243', 159, 0, 159, '2022-03-13', 'TRUE', '2 year', '932/9 ม.1', 'โพทะเล', 'โพทะเล', '66110'),
(93, 'สุภาพร สุวรรณวงศ์', '0684957213', 1918, 0, 1918, '2022-03-14', 'TRUE', '2 year', '654/9 ม.4', 'สำนักขุนเณร', 'ดงเจริญ', '66180'),
(94, 'กาญจนา อ่อนใจ', '0983215746', 1386, 0, 1386, '2022-03-15', 'TRUE', '2 year', '413/3 ม.2', 'บึงบัว', 'วชิรบารมี', '66150'),
(95, 'ณฐกร พันธุ์สมบัติ', '0698741523', 1419, 0, 1419, '2022-03-17', 'TRUE', '2 year', '186/9 ม.12', 'วังสำโรง', 'บางมูลนาก', '66140'),
(96, 'วิภาวดี พูลสวัสดิ์', '0985326174', 694, 0, 694, '2022-03-18', 'TRUE', '2 year', '708/9 ม.6', 'สากเหล็ก', 'สากเหล็ก', '66190'),
(97, 'ณัฐภัทร วงศ์สวัสดิ์', '0682149537', 1740, 0, 1740, '2022-03-20', 'TRUE', '2 year', '524/4 ม.8', 'หัวดง', 'เมือง', '66130'),
(98, 'กันตภณ วรรณโสภณ', '0984675123', 923, 0, 923, '2022-03-21', 'TRUE', '2 year', '367/9 ม.10', 'คลองคูณ', 'ตะพานหิน', '66130'),
(99, 'ณัฐชนน ช่างอุตรดิตถ์', '0698234517', 1245, 0, 1245, '2022-03-22', 'TRUE', '2 year', '891/9 ม.3', 'หนองปลาไหล', 'วังทรายพูน', '66210'),
(100, 'สุวิชญา จันทร์เพ็ญ', '0981765243', 1604, 0, 1604, '2022-03-22', 'TRUE', '2 year', '239/9 ม.1', 'เขาทราย', 'ทับคล้อ', '66140'),
(101, 'ธนภัทร สุขสวัสดิ์', '0684957213', 269, 0, 269, '2022-03-22', 'TRUE', '2 year', '651/9 ม.7', 'กำแพงดิน', 'สามง่าม', '66120'),
(102, 'อรวรรณ จันทร์พล', '0983215746', 728, 0, 728, '2022-03-23', 'TRUE', '2 year', '827/7 ม.2', 'ไผ่รอบ', 'โพธิ์ประทับช้าง', '66160'),
(103, 'ธนวิชญ์ วรรณสวัสดิ์', '0698741523', 1630, 0, 1630, '2022-03-23', 'TRUE', '2 year', '419/9 ม.6', 'โพธิ์ไทรงาม', 'บึงนาราง', '66000'),
(104, 'วรเมธ สุวรรณภูมิ', '0985326174', 640, 0, 640, '2022-03-23', 'TRUE', '2 year', '576/9 ม.11', 'ทุ่งน้อย', 'โพทะเล', '66110'),
(105, 'วรพงษ์ มณีสุข', '0682149537', 400, 0, 400, '2022-03-23', 'TRUE', '2 year', '935/9 ม.5', 'สำนักขุนเณร', 'ดงเจริญ', '66180'),
(106, 'วิชัย อ่อนใจ', '0984675123', 196, 0, 196, '2022-03-24', 'TRUE', '2 year', '684/9 ม.8', 'บึงบัว', 'วชิรบารมี', '66150'),
(107, 'อรวรรณ สุขสวัสดิ์', '0698234517', 699, 0, 699, '2022-03-24', 'TRUE', '2 year', '537/7 ม.3', 'บางไผ่', 'บางมูลนาก', '66140'),
(108, 'ศิริพร ธีระวรากร', '0981765243', 302, 0, 302, '2022-03-26', 'TRUE', '2 year', '129/9 ม.4', 'คลองทราย', 'สากเหล็ก', '66190'),
(109, 'ปฏิภาณ วิวัฒน์สุวรรณ', '0684957213', 1620, 0, 1620, '2022-03-26', 'TRUE', '2 year', '679/9 ม.9', 'ดงกลาง', 'เมือง', '66130'),
(110, 'ณัฐภัทร วรรณสวัสดิ์', '0983215746', 1338, 0, 1338, '2022-03-26', 'TRUE', '2 year', '513/3 ม.1', 'วังสำโรง', 'ตะพานหิน', '66130'),
(111, 'ธนกฤต สุวรรณวงศ์', '0698741523', 439, 0, 439, '2022-03-27', 'TRUE', '2 year', '401/9 ม.2', 'หนองปลาไหล', 'วังทรายพูน', '66210'),
(112, 'พีรพัฒน์ ช่างอุตรดิตถ์', '0985326174', 1400, 0, 1400, '2022-03-28', 'TRUE', '2 year', '972/9 ม.3', 'เขาทราย', 'ทับคล้อ', '66140'),
(113, 'ณัฐวุฒิ จันทร์เพ็ญ', '0682149537', 1853, 0, 1853, '2022-03-29', 'TRUE', '2 year', '386/6 ม.4', 'กำแพงดิน', 'สามง่าม', '66120'),
(114, 'สิริวรรณ พันธุ์สมบัติ', '0984675123', 1906, 0, 1906, '2022-03-30', 'TRUE', '2 year', '541/9 ม.5', 'ไผ่รอบ', 'โพธิ์ประทับช้าง', '66160'),
(115, 'ณัฐภัทร พูลสวัสดิ์', '0698234517', 1363, 0, 1363, '2022-03-30', 'TRUE', '2 year', '783/9 ม.6', 'โพธิ์ไทรงาม', 'บึงนาราง', '66000'),
(116, 'ภูวดล อ่อนใจ', '0981765243', 226, 0, 226, '2022-03-31', 'TRUE', '2 year', '652/9 ม.7', 'ทะนง', 'โพทะเล', '66110'),
(117, 'สุวัชร ศรีสมบัติ', '0684957213', 792, 0, 792, '2022-03-31', 'TRUE', '2 year', '974/9 ม.8', 'ทะนง', 'โพทะเล', '66180'),
(118, 'วรพล สุขสวัสดิ์', '0983215746', 1264, 0, 1264, '2022-03-31', 'TRUE', '2 year', '815/5 ม.9', 'บึงบัว', 'วชิรบารมี', '66150'),
(119, 'พงศ์วิชัย จันทร์พล', '0698741523', 558, 0, 558, '2022-04-01', 'TRUE', '2 year', '637/9 ม.10', 'วังตะกู', 'บางมูลนาก', '66140'),
(120, 'สุกัญญา วรรณโสภณ', '0985326174', 1142, 0, 1142, '2022-04-01', 'TRUE', '2 year', '298/9 ม.11', 'วังทับไทร', 'สากเหล็ก', '66190'),
(121, 'ณัฐนนท์ วงศ์สวัสดิ์', '0682149537', 1863, 0, 1863, '2022-04-02', 'TRUE', '2 year', '421/9 ม.12', 'บึงนาราง', 'บึงนาราง', '66130'),
(122, 'วิทยา ช่างอุตรดิตถ์', '0984675123', 1849, 0, 1849, '2022-04-03', 'TRUE', '2 year', '583/9 ม.1', 'โพทะเล', 'โพทะเล', '66130'),
(123, 'ภูวดล สุวรรณภูมิ', '0698234517', 987, 0, 987, '2022-04-03', 'TRUE', '2 year', '705/9 ม.2', 'สำนักขุนเณร', 'ดงเจริญ', '66210'),
(124, 'วรพล วรรณสวัสดิ์', '0981765243', 614, 0, 614, '2022-04-05', 'TRUE', '2 year', '918/9 ม.3', 'บึงบัว', 'วชิรบารมี', '66140'),
(125, 'ณภัทร สุวรรณวงศ์', '0684957213', 577, 0, 577, '2022-04-05', 'TRUE', '2 year', '367/9 ม.4', 'วังสำโรง', 'บางมูลนาก', '66120'),
(126, 'กฤษฎา จันทร์เพ็ญ', '0983215746', 338, 0, 338, '2022-04-05', 'TRUE', '2 year', '524/9 ม.5', 'สากเหล็ก', 'สากเหล็ก', '66160'),
(127, 'สุกัญญา วงศ์สวัสดิ์', '0698741523', 392, 0, 392, '2022-04-05', 'TRUE', '2 year', '879/9 ม.6', 'หัวดง', 'เมือง', '66000'),
(128, 'วิทยา วิวัฒน์สุวรรณ', '0985326174', 127, 0, 127, '2022-04-07', 'TRUE', '2 year', '623/9 ม.7', 'คลองคูณ', 'ตะพานหิน', '66110'),
(129, 'ธนวิชญ์ สุขสวัสดิ์', '0682149537', 315, 0, 315, '2022-04-08', 'TRUE', '2 year', '145/9 ม.8', 'หนองปลาไหล', 'วังทรายพูน', '66180'),
(130, 'ณัฐชนน พันธุ์สมบัติ', '0984675123', 1863, 0, 1863, '2022-04-09', 'TRUE', '2 year', '870/9 ม.9', 'เขาทราย', 'ทับคล้อ', '66150'),
(131, 'วิรัช อ่อนใจ', '0698234517', 603, 0, 603, '2022-04-09', 'TRUE', '2 year', '312/9 ม.10', 'กำแพงดิน', 'สามง่าม', '66140'),
(132, 'ศิริพร ช่างอุตรดิตถ์', '0981765243', 158, 0, 158, '2022-04-10', 'TRUE', '2 year', '496/9 ม.11', 'ไผ่รอบ', 'โพธิ์ประทับช้าง', '66190'),
(133, 'ปฏิภาณ วรรณโสภณ', '0684957213', 1610, 0, 1610, '2022-04-10', 'TRUE', '2 year', '751/9 ม.12', 'โพธิ์ไทรงาม', 'บึงนาราง', '66130'),
(134, 'ณัฐภัทร จันทร์พล', '0983215746', 1614, 0, 1614, '2022-04-11', 'TRUE', '2 year', '934/9 ม.1', 'ทุ่งน้อย', 'โพทะเล', '66130'),
(135, 'พีรวิชญ์ ธีระวรากร', '0698741523', 620, 0, 620, '2022-04-11', 'TRUE', '2 year', '528/9 ม.2', 'สำนักขุนเณร', 'ดงเจริญ', '66210'),
(136, 'วิทวัส สุวรรณภูมิ', '0985326174', 1540, 0, 1540, '2022-04-13', 'TRUE', '2 year', '167/9 ม.3', 'บึงบัว', 'วชิรบารมี', '66140'),
(137, 'ธนกฤต มณีสุข', '0682149537', 1790, 0, 1790, '2022-04-13', 'TRUE', '2 year', '802/9 ม.4', 'บางไผ่', 'บางมูลนาก', '66120'),
(138, 'ณัฐพล วรรณสวัสดิ์', '0984675123', 902, 0, 902, '2022-04-13', 'TRUE', '2 year', '364/9 ม.5', 'คลองทราย', 'สากเหล็ก', '66160'),
(139, 'สุรชัย สุวรรณวงศ์', '0698234517', 1314, 0, 1314, '2022-04-13', 'TRUE', '2 year', '941/9 ม.6', 'ดงกลาง', 'เมือง', '66000'),
(140, 'ณฐนนท์ ช่างอุตรดิตถ์', '0981765243', 783, 0, 783, '2022-04-13', 'TRUE', '2 year', '678/9 ม.7', 'วังสำโรง', 'ตะพานหิน', '66110'),
(141, 'ธนพล จันทร์เพ็ญ', '0684957213', 1569, 0, 1569, '2022-04-14', 'TRUE', '2 year', '254/9 ม.8', 'หนองปลาไหล', 'วังทรายพูน', '66180'),
(142, 'วิชัย วงศ์สวัสดิ์', '0983215746', 607, 0, 607, '2022-04-14', 'TRUE', '2 year', '503/9 ม.9', 'เขาทราย', 'ทับคล้อ', '66150'),
(143, 'ณัฐชนน วิวัฒน์สุวรรณ', '0698741523', 1301, 0, 1301, '2022-04-14', 'TRUE', '2 year', '926/9 ม.10', 'กำแพงดิน', 'สามง่าม', '66140'),
(144, 'วิรัช สุวรรณภูมิ', '0985326174', 573, 0, 573, '2022-04-15', 'TRUE', '2 year', '715/9 ม.11', 'ไผ่รอบ', 'โพธิ์ประทับช้าง', '66190'),
(145, 'ภูวดล วรรณสวัสดิ์', '0682149537', 506, 0, 506, '2022-04-15', 'TRUE', '2 year', '289/9 ม.12', 'โพธิ์ไทรงาม', 'บึงนาราง', '66130'),
(146, 'ณัฐนนท์ สุวรรณวงศ์', '0984675123', 833, 0, 833, '2022-04-16', 'TRUE', '2 year', '376/9 ม.1', 'ทะนง', 'โพทะเล', '66130'),
(147, 'วิชัย จันทร์เพ็ญ', '0698234517', 214, 0, 214, '2022-04-16', 'TRUE', '2 year', '815/9 ม.2', 'ทะนง', 'โพทะเล', '66210'),
(148, 'ภูวัน วรรณโสภณ', '0981765243', 560, 0, 560, '2022-04-17', 'TRUE', '2 year', '491/9 ม.3', 'บึงบัว', 'วชิรบารมี', '66140'),
(149, 'สุรชัย ช่างอุตรดิตถ์', '0684957213', 1398, 0, 1398, '2022-04-20', 'TRUE', '2 year', '623/9 ม.4', 'วังตะกู', 'บางมูลนาก', '66120'),
(150, 'ณัฐวุฒิ จันทร์พล', '0983215746', 1780, 0, 1780, '2022-04-20', 'TRUE', '2 year', '854/9 ม.5', 'วังทับไทร', 'สากเหล็ก', '66160'),
(151, 'ธนวิชญ์ ธีระวรากร', '0698741523', 1144, 0, 1144, '2022-04-21', 'TRUE', '2 year', '927/9 ม.6', 'บึงนาราง', 'บึงนาราง', '66000'),
(152, 'ณัฐพล สุวรรณภูมิ', '0985326174', 1752, 0, 1752, '2022-04-21', 'TRUE', '2 year', '508/9 ม.7', 'โพทะเล', 'โพทะเล', '66110'),
(153, 'พีรพัฒน์ มณีสุข', '0682149537', 1016, 0, 1016, '2022-04-21', 'TRUE', '2 year', '341/9 ม.8', 'สำนักขุนเณร', 'ดงเจริญ', '66180'),
(154, 'ณภัทร วรรณสวัสดิ์', '0984675123', 1194, 0, 1194, '2022-04-23', 'TRUE', '2 year', '179/9 ม.9', 'บึงบัว', 'วชิรบารมี', '66150'),
(155, 'วิชัย สุวรรณวงศ์', '0698234517', 1213, 0, 1213, '2022-04-23', 'TRUE', '2 year', '540/9 ม.10', 'วังสำโรง', 'บางมูลนาก', '66140'),
(156, 'ภูวัน ช่างอุตรดิตถ์', '0981765243', 1599, 0, 1599, '2022-04-23', 'TRUE', '2 year', '862/9 ม.11', 'สากเหล็ก', 'สากเหล็ก', '66190'),
(157, 'ณัฐภัทร วิวัฒน์สุวรรณ', '0684957213', 1655, 0, 1655, '2022-04-23', 'TRUE', '2 year', '439/9 ม.12', 'หัวดง', 'เมือง', '66130'),
(158, 'วิทวัส วรรณสวัสดิ์', '0983215746', 1564, 0, 1564, '2022-04-24', 'TRUE', '2 year', '701/9 ม.1', 'คลองคูณ', 'ตะพานหิน', '66130'),
(159, 'ณัฐนนท์ สุวรรณภูมิ', '0698741523', 1701, 0, 1701, '2022-04-25', 'TRUE', '2 year', '257/9 ม.2', 'หนองปลาไหล', 'วังทรายพูน', '66210'),
(160, 'วิรัช มณีสุข', '0985326174', 678, 0, 678, '2022-04-25', 'TRUE', '2 year', '682/9 ม.3', 'เขาทราย', 'ทับคล้อ', '66140'),
(161, 'สุรชัย วรรณสวัสดิ์', '0687312549', 458, 0, 458, '2022-04-27', 'TRUE', '2 year', '413/9 ม.4', 'กำแพงดิน', 'สามง่าม', '66120'),
(162, 'ณัฐนนท์ จันทร์เพ็ญ', '0985423671', 799, 0, 799, '2022-04-28', 'TRUE', '2 year', '695/9 ม.5', 'ไผ่รอบ', 'โพธิ์ประทับช้าง', '66160'),
(163, 'ภูวัน วงศ์สวัสดิ์', '0689745132', 1132, 0, 1132, '2022-05-01', 'TRUE', '2 year', '178/9 ม.6', 'โพธิ์ไทรงาม', 'บึงนาราง', '66000'),
(164, 'วิชัย ช่างอุตรดิตถ์', '0986213475', 1234, 0, 1234, '2022-05-02', 'TRUE', '2 year', '326/9 ม.7', 'ทุ่งน้อย', 'โพทะเล', '66110'),
(165, 'ณัฐวุฒิ วรรณโสภณ', '0694832157', 392, 0, 392, '2022-05-02', 'TRUE', '2 year', '940/9 ม.8', 'สำนักขุนเณร', 'ดงเจริญ', '66180'),
(166, 'วิรัช จันทร์พล', '0892576143', 889, 0, 889, '2022-05-03', 'TRUE', '2 year', '574/9 ม.9', 'บึงบัว', 'วชิรบารมี', '66150'),
(167, 'ธนวิชญ์ ศิริสมบัติ', '0689143725', 185, 0, 185, '2022-05-03', 'TRUE', '2 year', '823/9 ม.10', 'บางไผ่', 'บางมูลนาก', '66140'),
(168, 'ณัฐพล วรรณภูมิ', '0987651243', 218, 0, 218, '2022-05-04', 'TRUE', '2 year', '651/9 ม.11', 'คลองทราย', 'สากเหล็ก', '66190'),
(169, 'พีรพัฒน์ สุวรรณวงศ์', '0693124875', 1882, 0, 1882, '2022-05-05', 'TRUE', '2 year', '492/9 ม.12', 'ดงกลาง', 'เมือง', '66130'),
(170, 'ณัฐนนท์ อ่อนใจ', '0984762513', 591, 0, 591, '2022-05-05', 'TRUE', '2 year', '135/9 ม.1', 'วังสำโรง', 'ตะพานหิน', '66130'),
(171, 'วิชัย วิวัฒน์สุวรรณ', '0698153427', 1466, 0, 1466, '2022-05-07', 'TRUE', '2 year', '729/9 ม.2', 'หนองปลาไหล', 'วังทรายพูน', '66210'),
(172, 'ภูวัน สุขสวัสดิ์', '0982371564', 1476, 0, 1476, '2022-05-08', 'TRUE', '2 year', '608/9 ม.3', 'เขาทราย', 'ทับคล้อ', '66140'),
(173, 'ณัฐภัทร สุวรรณสวัสดิ์', '0684957213', 273, 0, 273, '2022-05-08', 'TRUE', '2 year', '963/9 ม.4', 'กำแพงดิน', 'สามง่าม', '66120'),
(174, 'วิทวัส จันทร์เพ็ญ', '0981623475', 296, 0, 296, '2022-05-10', 'TRUE', '2 year', '412/9 ม.5', 'ไผ่รอบ', 'โพธิ์ประทับช้าง', '66160'),
(175, 'ณัฐภัทร วิวัฒน์สุวรรณ', '0697485123', 1623, 0, 1623, '2022-05-11', 'TRUE', '2 year', '587/9 ม.6', 'โพธิ์ไทรงาม', 'บึงนาราง', '66000'),
(176, 'วิรัช วรรณสวัสดิ์', '0893256147', 939, 0, 939, '2022-05-11', 'TRUE', '2 year', '854/9 ม.7', 'ทะนง', 'โพทะเล', '66110'),
(177, 'ภูวัน สุวรรณภูมิ', '0689724513', 1509, 0, 1509, '2022-05-13', 'TRUE', '2 year', '238/9 ม.8', 'ทะนง', 'โพทะเล', '66180'),
(178, 'ณัฐนนท์ สุวรรณวงศ์', '0983147265', 903, 0, 903, '2022-05-13', 'TRUE', '2 year', '679/9 ม.9', 'บึงบัว', 'วชิรบารมี', '66150'),
(179, 'วิชัย อัญชลี', '0696851243', 1488, 0, 1488, '2022-05-15', 'TRUE', '2 year', '316/9 ม.10', 'วังตะกู', 'บางมูลนาก', '66140'),
(180, 'ณัฐวุฒิ พีรวัฒน์', '0982573146', 968, 0, 968, '2022-05-16', 'TRUE', '2 year', '742/9 ม.11', 'วังทับไทร', 'สากเหล็ก', '66190'),
(181, 'ธนวิชญ์ จันทร์มณี', '0681435729', 1320, 0, 1320, '2022-05-17', 'TRUE', '2 year', '185/9 ม.12', 'บึงนาราง', 'บึงนาราง', '66130'),
(182, 'ณัฐพล พีรพัฒน์', '0986173245', 1879, 0, 1879, '2022-05-17', 'TRUE', '2 year', '936/9 ม.1', 'โพทะเล', 'โพทะเล', '66130'),
(183, 'พีรวัฒน์ วิภาวดี', '0694851327', 390, 0, 390, '2022-05-20', 'TRUE', '2 year', '504/9 ม.2', 'สำนักขุนเณร', 'ดงเจริญ', '66210'),
(184, 'ณัฐนนท์ วรวิทย์', '0989214735', 417, 0, 417, '2022-05-21', 'TRUE', '2 year', '271/9 ม.3', 'บึงบัว', 'วชิรบารมี', '66140'),
(185, 'วิชัย สุวิชัย', '0683725149', 550, 0, 550, '2022-05-21', 'TRUE', '2 year', '839/9 ม.4', 'วังสำโรง', 'บางมูลนาก', '66120'),
(186, 'ภูวัน วรพล', '0985472163', 1463, 0, 1463, '2022-05-22', 'TRUE', '2 year', '672/9 ม.5', 'สากเหล็ก', 'สากเหล็ก', '66160'),
(187, 'ณัฐวุฒิ ปฏิภาณ', '0698124357', 1759, 0, 1759, '2022-05-22', 'TRUE', '2 year', '518/9 ม.6', 'หัวดง', 'เมือง', '66000'),
(188, 'วิรัช พงศ์วิชัย', '0896341725', 1827, 0, 1827, '2022-05-23', 'TRUE', '2 year', '394/9 ม.7', 'คลองคูณ', 'ตะพานหิน', '66110'),
(189, 'ธนวิชญ์ สุวิทย์', '0687452139', 1096, 0, 1096, '2022-05-24', 'TRUE', '2 year', '806/9 ม.8', 'หนองปลาไหล', 'วังทรายพูน', '66180'),
(190, 'ณัฐพล สมชาย', '0983214756', 1989, 0, 1989, '2022-05-24', 'TRUE', '2 year', '297/9 ม.9', 'เขาทราย', 'ทับคล้อ', '66150'),
(191, 'พีรวัฒน์ สมพงษ์', '0687312549', 1091, 0, 1091, '2022-05-25', 'TRUE', '2 year', '645/9 ม.10', 'กำแพงดิน', 'สามง่าม', '66140'),
(192, 'ณัฐนนท์ พงษ์สวัสดิ์', '0985423671', 309, 0, 309, '2022-05-26', 'TRUE', '2 year', '812/9 ม.11', 'ไผ่รอบ', 'โพธิ์ประทับช้าง', '66190'),
(193, 'วิชัย วิสุทธิ์', '0689745132', 754, 0, 754, '2022-05-26', 'TRUE', '2 year', '567/9 ม.12', 'โพธิ์ไทรงาม', 'บึงนาราง', '66130'),
(194, 'ณัฐวุฒิ สมบูรณ์', '0986213475', 566, 0, 566, '2022-05-27', 'TRUE', '2 year', '934/9 ม.1', 'ทุ่งน้อย', 'โพทะเล', '66130'),
(195, 'ภูวัน ชัยนาท', '0694832157', 627, 0, 627, '2022-05-27', 'TRUE', '2 year', '451/9 ม.2', 'สำนักขุนเณร', 'ดงเจริญ', '66210'),
(196, 'ณัฐนนท์ ศรีสุทธิ์', '0892576143', 854, 0, 854, '2022-05-28', 'TRUE', '2 year', '687/9 ม.3', 'บึงบัว', 'วชิรบารมี', '66140'),
(197, 'วิชัย ชาญชัย', '0689143725', 841, 0, 841, '2022-05-28', 'TRUE', '2 year', '923/9 ม.4', 'บางไผ่', 'บางมูลนาก', '66120'),
(198, 'ณัฐวุฒิ ศรีวิชัย', '0987651243', 384, 0, 384, '2022-05-28', 'TRUE', '2 year', '570/9 ม.5', 'คลองทราย', 'สากเหล็ก', '66160'),
(199, 'ธนวิชญ์ ชัยชาญ', '0693124875', 1866, 0, 1866, '2022-05-31', 'TRUE', '2 year', '846/9 ม.6', 'ดงกลาง', 'เมือง', '66000'),
(200, 'ณัฐพล สุริยะ', '0984762513', 766, 0, 766, '2022-06-01', 'TRUE', '2 year', '329/9 ม.7', 'วังสำโรง', 'ตะพานหิน', '66110'),
(201, 'พีรวัฒน์ ศรีสุดา', '0698153427', 1869, 0, 1869, '2022-06-01', 'TRUE', '2 year', '715/9 ม.8', 'หนองปลาไหล', 'วังทรายพูน', '66180'),
(202, 'ณัฐนนท์ ศรีวิชัย', '0982371564', 891, 0, 891, '2022-06-02', 'TRUE', '2 year', '682/9 ม.9', 'เขาทราย', 'ทับคล้อ', '66150'),
(203, 'วิชัย สุริยพงษ์', '0684957213', 1345, 0, 1345, '2022-06-02', 'TRUE', '2 year', '430/9 ม.10', 'กำแพงดิน', 'สามง่าม', '66140'),
(204, 'ณัฐวุฒิ ศรีวิทย์', '0981623475', 128, 0, 128, '2022-06-03', 'TRUE', '2 year', '597/9 ม.11', 'ไผ่รอบ', 'โพธิ์ประทับช้าง', '66190'),
(205, 'ภูวัน รัตนพงษ์', '0697485123', 109, 0, 109, '2022-06-04', 'TRUE', '2 year', '814/9 ม.12', 'โพธิ์ไทรงาม', 'บึงนาราง', '66130'),
(206, 'ณัฐนนท์ สุริยะวรรณ', '0893256147', 1046, 0, 1046, '2022-06-06', 'TRUE', '2 year', '269/9 ม.1', 'ทะนง', 'โพทะเล', '66130'),
(207, 'วิชัย วิเชียร', '0689724513', 1372, 0, 1372, '2022-06-06', 'TRUE', '2 year', '513/9 ม.2', 'ทะนง', 'โพทะเล', '66210'),
(208, 'ณัฐวุฒิ สมบูรณ์', '0983147265', 443, 0, 443, '2022-06-07', 'TRUE', '2 year', '947/9 ม.3', 'บึงบัว', 'วชิรบารมี', '66140'),
(209, 'ธนวิชญ์ สุริยเดช', '0696851243', 1365, 0, 1365, '2022-06-07', 'TRUE', '2 year', '681/9 ม.4', 'วังตะกู', 'บางมูลนาก', '66120'),
(210, 'ณัฐพล วิรัชชัย', '0982573146', 599, 0, 599, '2022-06-10', 'TRUE', '2 year', '752/9 ม.5', 'วังทับไทร', 'สากเหล็ก', '66160'),
(211, 'พีรวัฒน์ วิวัฒน์', '0681435729', 1276, 0, 1276, '2022-06-13', 'TRUE', '2 year', '394/9 ม.6', 'บึงนาราง', 'บึงนาราง', '66000'),
(212, 'ณัฐนนท์ ศรีพระราช', '0986173245', 1226, 0, 1226, '2022-06-13', 'TRUE', '2 year', '605/9 ม.7', 'โพทะเล', 'โพทะเล', '66110'),
(213, 'วิชัย สุวรรณศรี', '0694851327', 1053, 0, 1053, '2022-06-14', 'TRUE', '2 year', '891/9 ม.8', 'สำนักขุนเณร', 'ดงเจริญ', '66180'),
(214, 'ณัฐวุฒิ พรหมวิชชาติ', '0989214735', 756, 0, 756, '2022-06-14', 'TRUE', '2 year', '237/9 ม.9', 'บึงบัว', 'วชิรบารมี', '66150'),
(215, 'ภูวัน ศรีสุนทร', '0683725149', 825, 0, 825, '2022-06-14', 'TRUE', '2 year', '810/9 ม.10', 'วังสำโรง', 'บางมูลนาก', '66140'),
(216, 'ณัฐนนท์ สุริยา', '0985472163', 1538, 0, 1538, '2022-06-15', 'TRUE', '2 year', '476/9 ม.11', 'สากเหล็ก', 'สากเหล็ก', '66190'),
(217, 'วิชัย สุริยสรรค์', '0698124357', 903, 0, 903, '2022-06-16', 'TRUE', '2 year', '529/9 ม.12', 'หัวดง', 'เมือง', '66130'),
(218, 'ณัฐวุฒิ ศรีสุวรรณ', '0896341725', 1819, 0, 1819, '2022-06-17', 'TRUE', '2 year', '869/9 ม.1', 'คลองคูณ', 'ตะพานหิน', '66130'),
(219, 'ธนวิชญ์ สุริยภักดี', '0687452139', 1648, 0, 1648, '2022-06-17', 'TRUE', '2 year', '342/9 ม.2', 'หนองปลาไหล', 'วังทรายพูน', '66210'),
(220, 'ณัฐพล วิรัตน์', '0983214756', 1751, 0, 1751, '2022-06-18', 'TRUE', '2 year', '784/9 ม.3', 'เขาทราย', 'ทับคล้อ', '66140'),
(221, 'พีรวัฒน์ ศรีสุวรรณ', '0985326174', 969, 0, 969, '2022-06-18', 'TRUE', '2 year', '619/9 ม.4', 'กำแพงดิน', 'สามง่าม', '66120'),
(222, 'ณัฐนนท์ สุริยวงศ์', '0682149537', 580, 0, 580, '2022-06-19', 'TRUE', '2 year', '458/9 ม.5', 'ไผ่รอบ', 'โพธิ์ประทับช้าง', '66160'),
(223, 'วิชัย สุริยศักดิ์', '0984675123', 1837, 0, 1837, '2022-06-20', 'TRUE', '2 year', '537/9 ม.6', 'โพธิ์ไทรงาม', 'บึงนาราง', '66000'),
(224, 'ณัฐวุฒิ สุริยะพงษ์', '0698234517', 1268, 0, 1268, '2022-06-20', 'TRUE', '2 year', '962/9 ม.7', 'ทุ่งน้อย', 'โพทะเล', '66110'),
(225, 'ภูวัน วงศ์วิไล', '0981765243', 625, 0, 625, '2022-06-22', 'TRUE', '2 year', '704/9 ม.8', 'สำนักขุนเณร', 'ดงเจริญ', '66180'),
(226, 'ณัฐนนท์ สุริยะวัฒน์', '0684957213', 236, 0, 236, '2022-06-22', 'TRUE', '2 year', '853/9 ม.9', 'บึงบัว', 'วชิรบารมี', '66150'),
(227, 'วิชัย สุริยะเดช', '0983215746', 327, 0, 327, '2022-06-22', 'TRUE', '2 year', '194/9 ม.10', 'บางไผ่', 'บางมูลนาก', '66140'),
(228, 'ณัฐวุฒิ วราภรณ์', '0698741523', 640, 0, 640, '2022-06-22', 'TRUE', '2 year', '361/9 ม.11', 'คลองทราย', 'สากเหล็ก', '66190'),
(229, 'ธนวิชญ์ สุริยาพร', '0985326174', 533, 0, 533, '2022-06-23', 'TRUE', '2 year', '827/9 ม.12', 'ดงกลาง', 'เมือง', '66130'),
(230, 'ณัฐพล สุริยสมบูรณ์', '0682149537', 1088, 0, 1088, '2022-06-23', 'TRUE', '2 year', '498/9 ม.1', 'วังสำโรง', 'ตะพานหิน', '66130'),
(231, 'พีรวัฒน์ ศรีพรหม', '0984675123', 1482, 0, 1482, '2022-06-25', 'TRUE', '2 year', '647/9 ม.2', 'หนองปลาไหล', 'วังทรายพูน', '66210'),
(232, 'ณัฐนนท์ สุริยานนท์', '0698234517', 721, 0, 721, '2022-06-25', 'TRUE', '2 year', '319/9 ม.3', 'เขาทราย', 'ทับคล้อ', '66140'),
(233, 'วิชัย สุริยะรัตน์', '0981765243', 1141, 0, 1141, '2022-06-26', 'TRUE', '2 year', '856/9 ม.4', 'กำแพงดิน', 'สามง่าม', '66120'),
(234, 'ณัฐวุฒิ สุริยาชัย', '0684957213', 814, 0, 814, '2022-06-26', 'TRUE', '2 year', '574/9 ม.5', 'ไผ่รอบ', 'โพธิ์ประทับช้าง', '66160'),
(235, 'ภูวัน สุริยาพร', '0983215746', 510, 0, 510, '2022-06-26', 'TRUE', '2 year', '729/9 ม.6', 'โพธิ์ไทรงาม', 'บึงนาราง', '66000'),
(236, 'ณัฐนนท์ สุริยากาญจน์', '0698741523', 873, 0, 873, '2022-06-26', 'TRUE', '2 year', '831/9 ม.7', 'ทะนง', 'โพทะเล', '66110'),
(237, 'วิชัย สุริยะชัย', '0985326174', 504, 0, 504, '2022-06-28', 'TRUE', '2 year', '562/9 ม.8', 'ทะนง', 'โพทะเล', '66180'),
(238, 'ณัฐวุฒิ สุริยะบุญ', '0682149537', 1467, 0, 1467, '2022-06-29', 'TRUE', '2 year', '470/9 ม.9', 'บึงบัว', 'วชิรบารมี', '66150'),
(239, 'ธนวิชญ์ สุริยะพันธ์', '0984675123', 522, 0, 522, '2022-06-29', 'TRUE', '2 year', '916/9 ม.10', 'วังตะกู', 'บางมูลนาก', '66140'),
(240, 'ณัฐพล สุริยเกียรติ', '0698234517', 564, 0, 564, '2022-06-30', 'TRUE', '2 year', '384/9 ม.11', 'วังทับไทร', 'สากเหล็ก', '66190'),
(241, 'พีรวัฒน์ สุริยาพันธ์', '0981765243', 154, 0, 154, '2022-07-01', 'TRUE', '2 year', '750/9 ม.12', 'บึงนาราง', 'บึงนาราง', '66130'),
(242, 'ณัฐนนท์ สุริยางค์', '0684957213', 481, 0, 481, '2022-07-01', 'TRUE', '2 year', '219/9 ม.1', 'โพทะเล', 'โพทะเล', '66130'),
(243, 'วิชัย สุริยะรุ่ง', '0983215746', 907, 0, 907, '2022-07-02', 'TRUE', '2 year', '693/9 ม.2', 'สำนักขุนเณร', 'ดงเจริญ', '66210'),
(244, 'ณัฐวุฒิ สุริยสมุทร', '0698741523', 1735, 0, 1735, '2022-07-03', 'TRUE', '2 year', '847/9 ม.3', 'บึงบัว', 'วชิรบารมี', '66140'),
(245, 'ภูวัน สุริยาวงศ์', '0985326174', 1169, 0, 1169, '2022-07-04', 'TRUE', '2 year', '512/9 ม.4', 'วังสำโรง', 'บางมูลนาก', '66120'),
(246, 'ณัฐนนท์ สุริยะเจริญ', '0682149537', 1901, 0, 1901, '2022-07-05', 'TRUE', '2 year', '640/9 ม.5', 'สากเหล็ก', 'สากเหล็ก', '66160'),
(247, 'วิชัย สุริยามงคล', '0984675123', 1982, 0, 1982, '2022-07-05', 'TRUE', '2 year', '357/9 ม.6', 'หัวดง', 'เมือง', '66000'),
(248, 'ณัฐวุฒิ สุริยพงษ์', '0698234517', 1013, 0, 1013, '2022-07-06', 'TRUE', '2 year', '948/9 ม.7', 'คลองคูณ', 'ตะพานหิน', '66110'),
(249, 'ธนวิชญ์ สุริยนาวิน', '0981765243', 459, 0, 459, '2022-07-07', 'TRUE', '2 year', '285/9 ม.8', 'หนองปลาไหล', 'วังทรายพูน', '66180'),
(250, 'ณัฐพล สุริยชัย', '0684957213', 1300, 0, 1300, '2022-07-07', 'TRUE', '2 year', '763/9 ม.9', 'เขาทราย', 'ทับคล้อ', '66150'),
(251, 'พีรวัฒน์ สุริยชาติ', '0983215746', 1965, 0, 1965, '2022-07-08', 'TRUE', '2 year', '194/9 ม.10', 'กำแพงดิน', 'สามง่าม', '66140'),
(252, 'ณัฐนนท์ สุริยะสุข', '0698741523', 1582, 0, 1582, '2022-07-09', 'TRUE', '2 year', '651/9 ม.11', 'ไผ่รอบ', 'โพธิ์ประทับช้าง', '66190'),
(253, 'วิชัย สุริยโสภณ', '0985326174', 429, 0, 429, '2022-07-09', 'TRUE', '2 year', '857/9 ม.12', 'โพธิ์ไทรงาม', 'บึงนาราง', '66130'),
(254, 'ณัฐวุฒิ สุริยพันธ์', '0682149537', 396, 0, 396, '2022-07-09', 'TRUE', '2 year', '392/9 ม.1', 'ทุ่งน้อย', 'โพทะเล', '66130'),
(255, 'ภูวัน สุริยสังข์', '0984675123', 1928, 0, 1928, '2022-07-10', 'TRUE', '2 year', '526/9 ม.2', 'สำนักขุนเณร', 'ดงเจริญ', '66210'),
(256, 'ณัฐนนท์ สุริยะวัชร์', '0698234517', 1169, 0, 1169, '2022-07-11', 'TRUE', '2 year', '948/9 ม.3', 'บึงบัว', 'วชิรบารมี', '66140'),
(257, 'วิชัย สุริยะวิไล', '0981765243', 397, 0, 397, '2022-07-12', 'TRUE', '2 year', '631/9 ม.4', 'บางไผ่', 'บางมูลนาก', '66120'),
(258, 'ณัฐวุฒิ สุริยรัตน์', '0684957213', 690, 0, 690, '2022-07-12', 'TRUE', '2 year', '825/9 ม.5', 'คลองทราย', 'สากเหล็ก', '66160'),
(259, 'ธนวิชญ์ สุริยเดช', '0983215746', 1995, 0, 1995, '2022-07-14', 'TRUE', '2 year', '479/9 ม.6', 'ดงกลาง', 'เมือง', '66000'),
(260, 'ณัฐพล สุริยวัฒน์', '0698741523', 898, 0, 898, '2022-07-14', 'TRUE', '2 year', '710/9 ม.7', 'วังสำโรง', 'ตะพานหิน', '66110'),
(261, 'พีรวัฒน์ สุริยสวัสดิ์', '0985326174', 187, 0, 187, '2022-07-15', 'TRUE', '2 year', '263/9 ม.8', 'หนองปลาไหล', 'วังทรายพูน', '66180'),
(262, 'ณัฐนนท์ สุริยชาติ', '0682149537', 643, 0, 643, '2022-07-15', 'TRUE', '2 year', '594/9 ม.9', 'เขาทราย', 'ทับคล้อ', '66150'),
(263, 'วิชัย สุริยสมบูรณ์', '0984675123', 1260, 0, 1260, '2022-07-15', 'TRUE', '2 year', '864/9 ม.10', 'กำแพงดิน', 'สามง่าม', '66140'),
(264, 'ณัฐวุฒิ สุริยพันธ์', '0698234517', 883, 0, 883, '2022-07-15', 'TRUE', '2 year', '317/9 ม.11', 'ไผ่รอบ', 'โพธิ์ประทับช้าง', '66190'),
(265, 'ภูวัน สุริยาวัฒน์', '0981765243', 1343, 0, 1343, '2022-07-16', 'TRUE', '2 year', '850/9 ม.12', 'โพธิ์ไทรงาม', 'บึงนาราง', '66130'),
(266, 'ณัฐนนท์ สุริยะบุญ', '0684957213', 1009, 0, 1009, '2022-07-16', 'TRUE', '2 year', '195/9 ม.1', 'ทะนง', 'โพทะเล', '66130'),
(267, 'วิชัย สุริยานนท์', '0983215746', 493, 0, 493, '2022-07-17', 'TRUE', '2 year', '739/9 ม.2', 'ทะนง', 'โพทะเล', '66210'),
(268, 'ณัฐวุฒิ สุริยพงษ์', '0698741523', 1028, 0, 1028, '2022-07-17', 'TRUE', '2 year', '612/9 ม.3', 'บึงบัว', 'วชิรบารมี', '66140'),
(269, 'ธนวิชญ์ สุริยรัตน์', '0985326174', 590, 0, 590, '2022-07-18', 'TRUE', '2 year', '497/9 ม.4', 'วังตะกู', 'บางมูลนาก', '66120'),
(270, 'ณัฐพล สุริยวัฒน์', '0682149537', 1059, 0, 1059, '2022-07-19', 'TRUE', '2 year', '364/9 ม.5', 'วังทับไทร', 'สากเหล็ก', '66160'),
(271, 'พีรวัฒน์ สุริยชัย', '0984675123', 133, 0, 133, '2022-07-20', 'TRUE', '2 year', '520/9 ม.6', 'บึงนาราง', 'บึงนาราง', '66000'),
(272, 'ณัฐนนท์ สุริยางค์', '0698234517', 445, 0, 445, '2022-07-21', 'TRUE', '2 year', '973/9 ม.7', 'โพทะเล', 'โพทะเล', '66110'),
(273, 'วิชัย สุริยะสุข', '0981765243', 780, 0, 780, '2022-07-21', 'TRUE', '2 year', '158/9 ม.8', 'สำนักขุนเณร', 'ดงเจริญ', '66180'),
(274, 'ณัฐวุฒิ สุริยชนะ', '0684957213', 1559, 0, 1559, '2022-07-21', 'TRUE', '2 year', '649/9 ม.9', 'บึงบัว', 'วชิรบารมี', '66150'),
(275, 'ภูวัน สุริยะเจริญ', '0983215746', 265, 0, 265, '2022-07-22', 'TRUE', '2 year', '872/9 ม.10', 'วังสำโรง', 'บางมูลนาก', '66140'),
(276, 'ณัฐนนท์ สุริยนาม', '0983215746', 348, 0, 348, '2022-07-23', 'TRUE', '2 year', '436/9 ม.11', 'สากเหล็ก', 'สากเหล็ก', '66190'),
(277, 'วิชัย สุริยวัชร์', '0698741523', 1540, 0, 1540, '2022-07-23', 'TRUE', '2 year', '705/9 ม.12', 'หัวดง', 'เมือง', '66130'),
(278, 'ณัฐวุฒิ สุริยาสม', '0985326174', 1584, 0, 1584, '2022-07-26', 'TRUE', '2 year', '318/9 ม.1', 'คลองคูณ', 'ตะพานหิน', '66130'),
(279, 'ธนวิชญ์ สุริยโสภณ', '0682149537', 1696, 0, 1696, '2022-07-27', 'TRUE', '2 year', '590/9 ม.2', 'หนองปลาไหล', 'วังทรายพูน', '66210'),
(280, 'ณัฐพล สุริยชน', '0984675123', 960, 0, 960, '2022-07-28', 'TRUE', '2 year', '254/9 ม.3', 'เขาทราย', 'ทับคล้อ', '66140'),
(281, 'พีรวัฒน์ สุริยรุ่ง', '0698234517', 529, 0, 529, '2022-07-28', 'TRUE', '2 year', '931/9 ม.4', 'กำแพงดิน', 'สามง่าม', '66120'),
(282, 'ณัฐนนท์ สุริย์ศักดิ์', '0981765243', 1853, 0, 1853, '2022-07-28', 'TRUE', '2 year', '486/9 ม.5', 'ไผ่รอบ', 'โพธิ์ประทับช้าง', '66160'),
(283, 'วิชัย สุริยวัน', '0684957213', 387, 0, 387, '2022-07-31', 'TRUE', '2 year', '765/9 ม.6', 'โพธิ์ไทรงาม', 'บึงนาราง', '66000'),
(284, 'ณัฐวุฒิ สุริยะชาติ', '0983215746', 1117, 0, 1117, '2022-08-01', 'TRUE', '2 year', '209/9 ม.7', 'ทุ่งน้อย', 'โพทะเล', '66110'),
(285, 'ภูวัน สุริยานนท์', '0698741523', 754, 0, 754, '2022-08-02', 'TRUE', '2 year', '483/9 ม.8', 'สำนักขุนเณร', 'ดงเจริญ', '66180'),
(286, 'ณัฐนนท์ สุริยะสิทธิ์', '0985326174', 883, 0, 883, '2022-08-03', 'TRUE', '2 year', '651/9 ม.9', 'บึงบัว', 'วชิรบารมี', '66150'),
(287, 'วิชัย สุริยวิวัฒน์', '0682149537', 1976, 0, 1976, '2022-08-05', 'TRUE', '2 year', '928/9 ม.10', 'บางไผ่', 'บางมูลนาก', '66140'),
(288, 'ณัฐวุฒิ สุริยสุวรรณ์', '0984675123', 1837, 0, 1837, '2022-08-06', 'TRUE', '2 year', '374/9 ม.11', 'คลองทราย', 'สากเหล็ก', '66190'),
(289, 'ธนวิชญ์ สุริยศักดิ์', '0698234517', 290, 0, 290, '2022-08-06', 'TRUE', '2 year', '702/9 ม.12', 'ดงกลาง', 'เมือง', '66130'),
(290, 'ณัฐพล สุริยเกียรติ', '0981765243', 1866, 0, 1866, '2022-08-07', 'TRUE', '2 year', '489/9 ม.1', 'วังสำโรง', 'ตะพานหิน', '66130'),
(291, 'พีรวัฒน์ สุริยากาญจน์', '0684957213', 1282, 0, 1282, '2022-08-08', 'TRUE', '2 year', '614/9 ม.2', 'หนองปลาไหล', 'วังทรายพูน', '66210'),
(292, 'ณัฐนนท์ สุริยะประดิษฐ์', '0983215746', 1343, 0, 1343, '2022-08-08', 'TRUE', '2 year', '827/9 ม.3', 'เขาทราย', 'ทับคล้อ', '66140'),
(293, 'วิชัย สุริยสุข', '0698741523', 575, 0, 575, '2022-08-08', 'TRUE', '2 year', '356/9 ม.4', 'กำแพงดิน', 'สามง่าม', '66120'),
(294, 'ณัฐวุฒิ สุริยะพงษ์', '0985326174', 415, 0, 415, '2022-08-09', 'TRUE', '2 year', '941/9 ม.5', 'ไผ่รอบ', 'โพธิ์ประทับช้าง', '66160'),
(295, 'ภูวัน สุริยะธรรม', '0682149537', 1098, 0, 1098, '2022-08-09', 'TRUE', '2 year', '708/9 ม.6', 'โพธิ์ไทรงาม', 'บึงนาราง', '66000'),
(296, 'ณัฐนนท์ สุริยะสมบูรณ์', '0984675123', 1720, 0, 1720, '2022-08-10', 'TRUE', '2 year', '542/9 ม.7', 'ทะนง', 'โพทะเล', '66110'),
(297, 'วิชัย สุริยะเดช', '0698234517', 1418, 0, 1418, '2022-08-10', 'TRUE', '2 year', '196/9 ม.8', 'ทะนง', 'โพทะเล', '66180'),
(298, 'ณัฐวุฒิ สุริยะวรรณ', '0981765243', 207, 0, 207, '2022-08-12', 'TRUE', '2 year', '873/9 ม.9', 'บึงบัว', 'วชิรบารมี', '66150'),
(299, 'ธนวิชญ์ สุริยสวัสดิ์', '0684957213', 955, 0, 955, '2022-08-13', 'TRUE', '2 year', '605/9 ม.10', 'วังตะกู', 'บางมูลนาก', '66140'),
(300, 'ณัฐพล สุริยวีร์', '0983215746', 1438, 0, 1438, '2022-08-13', 'TRUE', '2 year', '814/9 ม.11', 'วังทับไทร', 'สากเหล็ก', '66190');

-- --------------------------------------------------------

--
-- Table structure for table `orderproduct`
--

CREATE TABLE `orderproduct` (
  `OrderProduct_Id` int(11) NOT NULL,
  `OrderProduct_Date` date NOT NULL,
  `Member_Id` int(11) NOT NULL,
  `Kg_Rice_bran` double NOT NULL COMMENT 'รำข้าว',
  `Kg_Husk` double NOT NULL COMMENT 'แกลบ',
  `Kg_Rice_chunks` double NOT NULL COMMENT 'ข้าวท่อน',
  `Kg_Broken_rice` double NOT NULL COMMENT 'ข้าวปลาย',
  `Total_Product` double NOT NULL
) ENGINE=InnoDB DEFAULT CHARSET=utf8 COLLATE=utf8_general_ci;

--
-- Dumping data for table `orderproduct`
--

INSERT INTO `orderproduct` (`OrderProduct_Id`, `OrderProduct_Date`, `Member_Id`, `Kg_Rice_bran`, `Kg_Husk`, `Kg_Rice_chunks`, `Kg_Broken_rice`, `Total_Product`) VALUES
(1, '2022-01-02', 1, 10, 0, 0, 0, 80),
(2, '2022-01-03', 2, 10, 0, 0, 0, 80),
(3, '2022-01-03', 3, 10, 0, 0, 0, 80),
(4, '2022-01-03', 4, 10, 0, 0, 0, 80),
(5, '2022-01-03', 5, 10, 0, 0, 0, 80),
(6, '2022-01-04', 6, 10, 0, 0, 0, 80),
(7, '2022-01-07', 7, 10, 0, 0, 0, 80),
(8, '2022-01-08', 8, 10, 0, 0, 0, 80),
(9, '2022-01-08', 9, 10, 0, 0, 0, 80),
(10, '2022-01-09', 10, 10, 0, 0, 0, 80),
(11, '2022-01-09', 11, 10, 0, 0, 0, 80),
(12, '2022-01-10', 12, 0, 5, 0, 0, 40),
(13, '2022-01-12', 13, 0, 5, 0, 0, 40),
(14, '2022-01-13', 14, 0, 5, 0, 0, 40),
(15, '2022-01-13', 15, 0, 5, 0, 0, 40),
(16, '2022-01-14', 16, 0, 5, 0, 0, 40),
(17, '2022-01-14', 17, 0, 5, 0, 0, 40),
(18, '2022-01-15', 18, 0, 5, 0, 0, 40),
(19, '2022-01-17', 19, 0, 5, 0, 0, 40),
(20, '2022-01-17', 20, 0, 5, 0, 0, 40),
(21, '2022-01-19', 21, 0, 5, 0, 0, 40),
(22, '2022-01-21', 22, 5, 0, 0, 0, 40),
(23, '2022-01-24', 23, 5, 0, 0, 0, 40),
(24, '2022-01-26', 24, 5, 0, 0, 0, 40),
(25, '2022-01-27', 25, 5, 0, 0, 0, 40),
(26, '2022-01-29', 26, 5, 0, 0, 0, 40),
(27, '2022-01-30', 27, 5, 0, 0, 0, 40),
(28, '2022-01-31', 28, 5, 0, 0, 0, 40),
(29, '2022-02-02', 29, 5, 0, 0, 0, 40),
(30, '2022-02-02', 30, 5, 0, 0, 0, 40),
(31, '2022-02-02', 31, 5, 0, 0, 0, 40),
(32, '2022-02-02', 32, 5, 0, 0, 0, 40),
(33, '2022-02-03', 33, 5, 0, 0, 0, 40),
(34, '2022-02-03', 34, 5, 0, 0, 0, 40),
(35, '2022-02-04', 35, 5, 0, 0, 0, 40),
(36, '2022-02-04', 36, 5, 0, 0, 0, 40),
(37, '2022-02-06', 37, 5, 0, 0, 0, 40),
(38, '2022-02-07', 38, 5, 0, 0, 0, 40),
(39, '2022-02-07', 39, 5, 0, 0, 0, 40),
(40, '2022-02-08', 40, 5, 0, 0, 0, 40),
(41, '2022-02-09', 41, 5, 0, 0, 0, 40),
(42, '2022-02-09', 42, 5, 0, 0, 0, 40),
(43, '2022-02-10', 43, 5, 0, 0, 0, 40),
(44, '2022-02-11', 44, 5, 0, 0, 0, 40),
(45, '2022-02-11', 45, 5, 0, 0, 0, 40),
(46, '2022-02-12', 46, 5, 0, 0, 0, 40),
(47, '2022-02-12', 47, 5, 0, 0, 0, 40),
(48, '2022-02-12', 48, 5, 0, 0, 0, 40),
(49, '2022-02-14', 49, 5, 0, 0, 0, 40),
(50, '2022-02-17', 50, 5, 0, 0, 0, 40),
(51, '2022-02-19', 51, 5, 0, 0, 0, 40),
(52, '2022-02-20', 52, 5, 0, 0, 0, 40),
(53, '2022-02-20', 53, 5, 0, 0, 0, 40),
(54, '2022-02-21', 54, 5, 0, 0, 0, 40),
(55, '2022-02-21', 55, 5, 0, 0, 0, 40),
(56, '2022-02-22', 56, 5, 0, 0, 0, 40),
(57, '2022-02-22', 57, 5, 0, 0, 0, 40),
(58, '2022-02-23', 58, 5, 0, 0, 0, 40),
(59, '2022-02-24', 59, 5, 0, 0, 0, 40),
(60, '2022-02-24', 60, 5, 0, 0, 0, 40),
(61, '2022-02-25', 61, 5, 0, 0, 0, 40),
(62, '2022-02-26', 62, 5, 0, 0, 0, 40),
(63, '2022-02-26', 63, 5, 0, 0, 0, 40),
(64, '2022-02-27', 64, 5, 0, 0, 0, 40),
(65, '2022-02-27', 65, 5, 0, 0, 0, 40),
(66, '2022-02-28', 66, 5, 0, 0, 0, 40),
(67, '2022-02-28', 67, 5, 0, 0, 0, 40),
(68, '2022-03-01', 68, 5, 0, 0, 0, 40),
(69, '2022-03-01', 69, 5, 0, 0, 0, 40),
(70, '2022-03-01', 70, 5, 0, 0, 0, 40),
(71, '2022-03-01', 71, 5, 0, 0, 0, 40),
(72, '2022-03-01', 72, 5, 0, 0, 0, 40),
(73, '2022-03-02', 73, 5, 0, 0, 0, 40),
(74, '2022-03-02', 74, 5, 0, 0, 0, 40),
(75, '2022-03-03', 75, 5, 0, 0, 0, 40),
(76, '2022-03-03', 76, 5, 0, 0, 0, 40),
(77, '2022-03-04', 77, 5, 0, 0, 0, 40),
(78, '2022-03-05', 78, 5, 0, 0, 0, 40),
(79, '2022-03-05', 79, 5, 0, 0, 0, 40),
(80, '2022-03-06', 80, 5, 0, 0, 0, 40),
(81, '2022-03-06', 81, 5, 0, 0, 0, 40),
(82, '2022-03-07', 82, 5, 0, 0, 0, 40),
(83, '2022-03-07', 83, 5, 0, 0, 0, 40),
(84, '2022-03-08', 84, 5, 0, 0, 0, 40),
(85, '2022-03-10', 85, 5, 0, 0, 0, 40),
(86, '2022-03-11', 86, 5, 0, 0, 0, 40),
(87, '2022-03-11', 87, 5, 0, 0, 0, 40),
(88, '2022-03-12', 88, 5, 0, 0, 0, 40),
(89, '2022-03-12', 89, 5, 0, 0, 0, 40),
(90, '2022-03-12', 90, 5, 0, 0, 0, 40),
(91, '2022-03-13', 91, 5, 0, 0, 0, 40),
(92, '2022-03-13', 92, 5, 0, 0, 0, 40),
(93, '2022-03-14', 93, 5, 0, 0, 0, 40),
(94, '2022-03-15', 94, 5, 0, 0, 0, 40),
(95, '2022-03-17', 95, 5, 0, 0, 0, 40),
(96, '2022-03-18', 96, 5, 0, 0, 0, 40),
(97, '2022-03-20', 97, 5, 0, 0, 0, 40),
(98, '2022-03-21', 98, 5, 0, 0, 0, 40),
(99, '2022-03-22', 99, 5, 0, 0, 0, 40),
(100, '2022-03-22', 100, 5, 0, 0, 0, 40),
(101, '2022-03-22', 101, 5, 0, 0, 0, 40),
(102, '2022-03-23', 102, 5, 0, 0, 0, 40),
(103, '2022-03-23', 103, 5, 0, 0, 0, 40),
(104, '2022-03-23', 104, 5, 0, 0, 0, 40),
(105, '2022-03-23', 105, 5, 0, 0, 0, 40),
(106, '2022-03-24', 106, 5, 0, 0, 0, 40),
(107, '2022-03-24', 107, 5, 0, 0, 0, 40),
(108, '2022-03-26', 108, 5, 0, 0, 0, 40),
(109, '2022-03-26', 109, 5, 0, 0, 0, 40),
(110, '2022-03-26', 110, 5, 0, 0, 0, 40),
(111, '2022-03-27', 111, 5, 0, 0, 0, 40),
(112, '2022-03-28', 112, 5, 0, 0, 0, 40),
(113, '2022-03-29', 113, 5, 0, 0, 0, 40),
(114, '2022-03-30', 114, 5, 0, 0, 0, 40),
(115, '2022-03-30', 115, 5, 0, 0, 0, 40),
(116, '2022-03-31', 116, 5, 0, 0, 0, 40),
(117, '2022-03-31', 117, 5, 0, 0, 0, 40),
(118, '2022-03-31', 118, 5, 0, 0, 0, 40),
(119, '2022-04-01', 119, 5, 0, 0, 0, 40),
(120, '2022-04-01', 120, 5, 0, 0, 0, 40),
(121, '2022-04-02', 121, 5, 0, 0, 0, 40),
(122, '2022-04-03', 122, 5, 0, 0, 0, 40),
(123, '2022-04-03', 123, 5, 0, 0, 0, 40),
(124, '2022-04-05', 124, 5, 0, 0, 0, 40),
(125, '2022-04-05', 125, 5, 0, 0, 0, 40),
(126, '2022-04-05', 126, 5, 0, 0, 0, 40),
(127, '2022-04-05', 127, 5, 0, 0, 0, 40),
(128, '2022-04-07', 128, 5, 0, 0, 0, 40),
(129, '2022-04-08', 129, 5, 0, 0, 0, 40),
(130, '2022-04-09', 130, 5, 0, 0, 0, 40),
(131, '2022-04-09', 131, 5, 0, 0, 0, 40),
(132, '2022-04-10', 132, 5, 0, 0, 0, 40),
(133, '2022-04-10', 133, 5, 0, 0, 0, 40),
(134, '2022-04-11', 134, 5, 0, 0, 0, 40),
(135, '2022-04-11', 135, 5, 0, 0, 0, 40),
(136, '2022-04-13', 136, 5, 0, 0, 0, 40),
(137, '2022-04-13', 137, 5, 0, 0, 0, 40),
(138, '2022-04-13', 138, 5, 0, 0, 0, 40),
(139, '2022-04-13', 139, 5, 0, 0, 0, 40),
(140, '2022-04-13', 140, 5, 0, 0, 0, 40),
(141, '2022-04-14', 141, 5, 0, 0, 0, 40),
(142, '2022-04-14', 142, 5, 0, 0, 0, 40),
(143, '2022-04-14', 143, 5, 0, 0, 0, 40),
(144, '2022-04-15', 144, 5, 0, 0, 0, 40),
(145, '2022-04-15', 145, 5, 0, 0, 0, 40),
(146, '2022-04-16', 146, 5, 0, 0, 0, 40),
(147, '2022-04-16', 147, 5, 0, 0, 0, 40),
(148, '2022-04-17', 148, 5, 0, 0, 0, 40),
(149, '2022-04-20', 149, 5, 0, 0, 0, 40),
(150, '2022-04-20', 150, 5, 0, 0, 0, 40),
(151, '2022-04-21', 151, 5, 0, 0, 0, 40),
(152, '2022-04-21', 152, 5, 0, 0, 0, 40),
(153, '2022-04-21', 153, 5, 0, 0, 0, 40),
(154, '2022-04-23', 154, 5, 0, 0, 0, 40),
(155, '2022-04-23', 155, 5, 0, 0, 0, 40),
(156, '2022-04-23', 156, 5, 0, 0, 0, 40),
(157, '2022-04-23', 157, 5, 0, 0, 0, 40),
(158, '2022-04-24', 158, 5, 0, 0, 0, 40),
(159, '2022-04-25', 159, 5, 0, 0, 0, 40),
(160, '2022-04-25', 160, 5, 0, 0, 0, 40),
(161, '2022-04-27', 161, 5, 0, 0, 0, 40),
(162, '2022-04-28', 162, 5, 0, 0, 0, 40),
(163, '2022-05-01', 163, 5, 0, 0, 0, 40),
(164, '2022-05-02', 164, 5, 0, 0, 0, 40),
(165, '2022-05-02', 165, 5, 0, 0, 0, 40),
(166, '2022-05-03', 166, 5, 0, 0, 0, 40),
(167, '2022-05-03', 167, 5, 0, 0, 0, 40),
(168, '2022-05-04', 168, 5, 0, 0, 0, 40),
(169, '2022-05-05', 169, 5, 0, 0, 0, 40),
(170, '2022-05-05', 170, 5, 0, 0, 0, 40),
(171, '2022-05-07', 171, 5, 0, 0, 0, 40),
(172, '2022-05-08', 172, 5, 0, 0, 0, 40),
(173, '2022-05-08', 173, 5, 0, 0, 0, 40),
(174, '2022-05-10', 174, 5, 0, 0, 0, 40),
(175, '2022-05-11', 175, 5, 0, 0, 0, 40),
(176, '2022-05-11', 176, 5, 0, 0, 0, 40),
(177, '2022-05-13', 177, 5, 0, 0, 0, 40),
(178, '2022-05-13', 178, 5, 0, 0, 0, 40),
(179, '2022-05-15', 179, 5, 0, 0, 0, 40),
(180, '2022-05-16', 180, 5, 0, 0, 0, 40),
(181, '2022-05-17', 181, 5, 0, 0, 0, 40),
(182, '2022-05-17', 182, 5, 0, 0, 0, 40),
(183, '2022-05-20', 183, 5, 0, 0, 0, 40),
(184, '2022-05-21', 184, 5, 0, 0, 0, 40),
(185, '2022-05-21', 185, 5, 0, 0, 0, 40),
(186, '2022-05-22', 186, 5, 0, 0, 0, 40),
(187, '2022-05-22', 187, 5, 0, 0, 0, 40),
(188, '2022-05-23', 188, 5, 0, 0, 0, 40),
(189, '2022-05-24', 189, 5, 0, 0, 0, 40),
(190, '2022-05-24', 190, 5, 0, 0, 0, 40),
(191, '2022-05-25', 191, 5, 0, 0, 0, 40),
(192, '2022-05-26', 192, 5, 0, 0, 0, 40),
(193, '2022-05-26', 193, 5, 0, 0, 0, 40),
(194, '2022-05-27', 194, 5, 0, 0, 0, 40),
(195, '2022-05-27', 195, 5, 0, 0, 0, 40),
(196, '2022-05-28', 196, 5, 0, 0, 0, 40),
(197, '2022-05-28', 197, 5, 0, 0, 0, 40),
(198, '2022-05-28', 198, 5, 0, 0, 0, 40),
(199, '2022-05-31', 199, 5, 0, 0, 0, 40),
(200, '2022-06-01', 200, 5, 0, 0, 0, 40),
(201, '2022-06-01', 201, 5, 0, 0, 0, 40),
(202, '2022-06-02', 202, 5, 0, 0, 0, 40),
(203, '2022-06-02', 203, 5, 0, 0, 0, 40),
(204, '2022-06-03', 204, 0, 0, 0, 10, 100),
(205, '2022-06-04', 205, 0, 0, 0, 10, 100),
(206, '2022-06-06', 206, 0, 0, 0, 10, 100),
(207, '2022-06-06', 207, 0, 0, 0, 10, 100),
(208, '2022-06-07', 208, 0, 0, 0, 10, 100),
(209, '2022-06-07', 209, 0, 0, 0, 10, 100),
(210, '2022-06-10', 210, 0, 0, 0, 10, 100),
(211, '2022-06-13', 211, 0, 0, 0, 10, 100),
(212, '2022-06-13', 212, 0, 0, 0, 10, 100),
(213, '2022-06-14', 213, 0, 0, 0, 10, 100),
(214, '2022-06-14', 214, 0, 0, 0, 10, 100),
(215, '2022-06-14', 215, 0, 0, 0, 10, 100),
(216, '2022-06-15', 216, 0, 0, 0, 10, 100),
(217, '2022-06-16', 217, 0, 0, 0, 10, 100),
(218, '2022-06-17', 218, 0, 0, 0, 10, 100),
(219, '2022-06-17', 219, 0, 0, 0, 10, 100),
(220, '2022-06-18', 220, 0, 0, 0, 10, 100),
(221, '2022-06-18', 221, 0, 0, 0, 10, 100),
(222, '2022-06-19', 222, 0, 0, 0, 10, 100),
(223, '2022-06-20', 223, 0, 0, 0, 10, 100),
(224, '2022-06-20', 224, 0, 0, 0, 10, 100),
(225, '2022-06-22', 225, 0, 0, 0, 10, 100),
(226, '2022-06-22', 226, 0, 0, 0, 10, 100),
(227, '2022-06-22', 227, 0, 0, 0, 10, 100),
(228, '2022-06-22', 228, 0, 0, 0, 10, 100),
(229, '2022-06-23', 229, 0, 0, 0, 10, 100),
(230, '2022-06-23', 230, 0, 0, 0, 10, 100),
(231, '2022-06-25', 231, 0, 0, 0, 10, 100),
(232, '2022-06-25', 232, 0, 0, 0, 10, 100),
(233, '2022-06-26', 233, 0, 0, 0, 10, 100),
(234, '2022-06-26', 234, 0, 0, 0, 10, 100),
(235, '2022-06-26', 235, 0, 0, 0, 10, 100),
(236, '2022-06-26', 236, 0, 0, 0, 10, 100),
(237, '2022-06-28', 237, 0, 0, 0, 10, 100),
(238, '2022-06-29', 238, 0, 0, 0, 10, 100),
(239, '2022-06-29', 239, 0, 0, 0, 10, 100),
(240, '2022-06-30', 240, 0, 0, 0, 10, 100),
(241, '2022-07-01', 241, 0, 0, 0, 10, 100),
(242, '2022-07-01', 242, 0, 0, 0, 10, 100),
(243, '2022-07-02', 243, 0, 0, 0, 10, 100),
(244, '2022-07-03', 244, 0, 0, 0, 10, 100),
(245, '2022-07-04', 245, 0, 0, 0, 10, 100),
(246, '2022-07-05', 246, 0, 0, 0, 10, 100),
(247, '2022-07-05', 247, 0, 0, 0, 10, 100),
(248, '2022-07-06', 248, 0, 0, 0, 10, 100),
(249, '2022-07-07', 249, 0, 0, 0, 10, 100),
(250, '2022-07-07', 250, 0, 0, 0, 10, 100),
(251, '2022-07-08', 251, 0, 0, 0, 10, 100),
(252, '2022-07-09', 252, 0, 0, 0, 10, 100),
(253, '2022-07-09', 253, 0, 0, 0, 10, 100),
(254, '2022-07-09', 254, 0, 0, 0, 10, 100),
(255, '2022-07-10', 255, 0, 0, 0, 10, 100),
(256, '2022-07-11', 256, 0, 0, 0, 10, 100),
(257, '2022-07-12', 257, 0, 0, 0, 10, 100),
(258, '2022-07-12', 258, 0, 0, 0, 10, 100),
(259, '2022-07-14', 259, 0, 0, 0, 10, 100),
(260, '2022-07-14', 260, 0, 0, 0, 10, 100),
(261, '2022-07-15', 261, 0, 0, 0, 10, 100),
(262, '2022-07-15', 262, 0, 0, 0, 10, 100),
(263, '2022-07-15', 263, 0, 0, 0, 10, 100),
(264, '2022-07-15', 264, 0, 0, 0, 10, 100),
(265, '2022-07-16', 265, 0, 0, 0, 10, 100),
(266, '2022-07-16', 266, 0, 0, 0, 10, 100),
(267, '2022-07-17', 267, 0, 0, 5, 0, 25),
(268, '2022-07-17', 268, 0, 0, 5, 0, 25),
(269, '2022-07-18', 269, 0, 0, 5, 0, 25),
(270, '2022-07-19', 270, 0, 0, 5, 0, 25),
(271, '2022-07-20', 271, 0, 0, 5, 0, 25),
(272, '2022-07-21', 272, 0, 0, 5, 0, 25),
(273, '2022-07-21', 273, 0, 0, 5, 0, 25),
(274, '2022-07-21', 274, 0, 0, 5, 0, 25),
(275, '2022-07-22', 275, 0, 10, 0, 0, 80),
(276, '2022-07-23', 276, 0, 10, 0, 0, 80),
(277, '2022-07-23', 277, 0, 10, 0, 0, 80),
(278, '2022-07-26', 278, 0, 10, 0, 0, 80),
(279, '2022-07-27', 279, 0, 10, 0, 0, 80),
(280, '2022-07-28', 280, 0, 10, 0, 0, 80),
(281, '2022-07-28', 281, 0, 10, 0, 0, 80),
(282, '2022-07-28', 282, 0, 10, 0, 0, 80),
(283, '2022-07-31', 283, 0, 10, 0, 0, 80),
(284, '2022-08-01', 284, 0, 10, 0, 0, 80),
(285, '2022-08-02', 285, 0, 10, 0, 0, 80),
(286, '2022-08-03', 286, 0, 10, 0, 0, 80),
(287, '2022-08-05', 287, 0, 10, 0, 0, 80),
(288, '2022-08-06', 288, 0, 10, 0, 0, 80),
(289, '2022-08-06', 289, 0, 10, 0, 0, 80),
(290, '2022-08-07', 290, 0, 10, 0, 0, 80),
(291, '2022-08-08', 291, 0, 10, 0, 0, 80),
(292, '2022-08-08', 292, 0, 10, 0, 0, 80),
(293, '2022-08-08', 293, 0, 10, 0, 0, 80),
(294, '2022-08-09', 294, 0, 10, 0, 0, 80),
(295, '2022-08-09', 295, 0, 10, 0, 0, 80),
(296, '2022-08-10', 296, 0, 10, 0, 0, 80),
(297, '2022-08-10', 297, 0, 10, 0, 0, 80),
(298, '2022-08-12', 298, 0, 10, 0, 0, 80),
(299, '2022-08-13', 299, 0, 10, 0, 0, 80),
(300, '2022-08-13', 300, 0, 10, 0, 0, 80),
(301, '2022-08-13', 1, 0, 10, 0, 0, 80),
(302, '2022-08-14', 2, 0, 10, 0, 0, 80),
(303, '2022-08-15', 3, 0, 10, 0, 0, 80),
(304, '2022-08-15', 4, 0, 10, 0, 0, 80),
(305, '2022-08-16', 5, 0, 10, 0, 0, 80),
(306, '2022-08-17', 6, 0, 10, 0, 0, 80),
(307, '2022-08-17', 7, 0, 10, 0, 0, 80),
(308, '2022-08-17', 8, 0, 10, 0, 0, 80),
(309, '2022-08-17', 9, 0, 10, 0, 0, 80),
(310, '2022-08-17', 10, 0, 10, 0, 0, 80),
(311, '2022-08-17', 11, 0, 10, 0, 0, 80),
(312, '2022-08-18', 12, 0, 10, 0, 0, 80),
(313, '2022-08-18', 13, 0, 10, 0, 0, 80),
(314, '2022-08-19', 14, 0, 10, 0, 0, 80),
(315, '2022-08-19', 15, 0, 10, 0, 0, 80),
(316, '2022-08-19', 16, 0, 10, 0, 0, 80),
(317, '2022-08-22', 17, 0, 10, 0, 0, 80),
(318, '2022-08-24', 18, 0, 10, 0, 0, 80),
(319, '2022-08-24', 19, 0, 10, 0, 0, 80),
(320, '2022-08-25', 20, 0, 10, 0, 0, 80),
(321, '2022-08-25', 21, 0, 10, 0, 0, 80),
(322, '2022-08-25', 22, 0, 10, 0, 0, 80),
(323, '2022-08-27', 23, 0, 10, 0, 0, 80),
(324, '2022-08-28', 24, 0, 10, 0, 0, 80),
(325, '2022-08-28', 25, 0, 10, 0, 0, 80),
(326, '2022-08-28', 26, 0, 10, 0, 0, 80),
(327, '2022-08-28', 27, 0, 10, 0, 0, 80),
(328, '2022-08-29', 28, 0, 10, 0, 0, 80),
(329, '2022-08-29', 29, 0, 10, 0, 0, 80),
(330, '2022-08-30', 30, 0, 10, 0, 0, 80),
(331, '2022-08-30', 31, 0, 10, 0, 0, 80),
(332, '2022-08-30', 32, 0, 10, 0, 0, 80),
(333, '2022-08-30', 33, 0, 10, 0, 0, 80),
(334, '2022-08-31', 34, 0, 10, 0, 0, 80),
(335, '2022-08-31', 35, 0, 10, 0, 0, 80),
(336, '2022-09-02', 36, 0, 10, 0, 0, 80),
(337, '2022-09-03', 37, 0, 10, 0, 0, 80),
(338, '2022-09-03', 38, 0, 10, 0, 0, 80),
(339, '2022-09-04', 39, 0, 10, 0, 0, 80),
(340, '2022-09-04', 40, 0, 10, 0, 0, 80),
(341, '2022-09-04', 41, 0, 10, 0, 0, 80),
(342, '2022-09-05', 42, 0, 10, 0, 0, 80),
(343, '2022-09-06', 43, 0, 10, 0, 0, 80),
(344, '2022-09-06', 44, 0, 10, 0, 0, 80),
(345, '2022-09-06', 45, 0, 10, 0, 0, 80),
(346, '2022-09-06', 46, 0, 10, 0, 0, 80),
(347, '2022-09-06', 47, 0, 10, 0, 0, 80),
(348, '2022-09-08', 48, 0, 10, 0, 0, 80),
(349, '2022-09-09', 49, 0, 10, 0, 0, 80),
(350, '2022-09-10', 50, 0, 10, 0, 0, 80),
(351, '2022-09-10', 51, 0, 10, 0, 0, 80),
(352, '2022-09-10', 52, 0, 10, 0, 0, 80),
(353, '2022-09-13', 53, 0, 10, 0, 0, 80),
(354, '2022-09-14', 54, 0, 10, 0, 0, 80),
(355, '2022-09-14', 55, 0, 10, 0, 0, 80),
(356, '2022-09-15', 56, 0, 10, 0, 0, 80),
(357, '2022-09-15', 57, 0, 10, 0, 0, 80),
(358, '2022-09-16', 58, 0, 10, 0, 0, 80),
(359, '2022-09-17', 59, 0, 10, 0, 0, 80),
(360, '2022-09-18', 60, 0, 10, 0, 0, 80),
(361, '2022-09-19', 61, 0, 10, 0, 0, 80),
(362, '2022-09-19', 62, 0, 10, 0, 0, 80),
(363, '2022-09-19', 63, 0, 10, 0, 0, 80),
(364, '2022-09-20', 64, 0, 10, 0, 0, 80),
(365, '2022-09-21', 65, 0, 10, 0, 0, 80),
(366, '2022-09-21', 66, 0, 10, 0, 0, 80),
(367, '2022-09-22', 67, 0, 10, 0, 0, 80),
(368, '2022-09-23', 68, 0, 10, 0, 0, 80),
(369, '2022-09-23', 69, 0, 10, 0, 0, 80),
(370, '2022-09-24', 70, 0, 10, 0, 0, 80),
(371, '2022-09-25', 71, 0, 10, 0, 0, 80),
(372, '2022-09-26', 72, 0, 10, 0, 0, 80),
(373, '2022-09-27', 73, 0, 10, 0, 0, 80),
(374, '2022-09-29', 74, 0, 10, 0, 0, 80),
(375, '2022-09-29', 75, 0, 10, 0, 0, 80),
(376, '2022-10-01', 76, 0, 10, 0, 0, 80),
(377, '2022-10-01', 77, 0, 10, 0, 0, 80),
(378, '2022-10-01', 78, 0, 10, 0, 0, 80),
(379, '2022-10-03', 79, 0, 10, 0, 0, 80),
(380, '2022-10-05', 80, 5, 0, 0, 0, 40),
(381, '2022-10-05', 81, 10, 0, 0, 0, 80),
(382, '2022-10-07', 82, 15, 0, 0, 0, 120),
(383, '2022-10-08', 83, 20, 0, 0, 0, 160),
(384, '2022-10-09', 84, 25, 0, 0, 0, 200),
(385, '2022-10-10', 85, 30, 0, 0, 0, 240),
(386, '2022-10-11', 86, 35, 0, 0, 0, 280),
(387, '2022-10-11', 87, 40, 0, 0, 0, 320),
(388, '2022-10-11', 88, 45, 0, 0, 0, 360),
(389, '2022-10-11', 89, 50, 0, 0, 0, 400),
(390, '2022-10-12', 90, 55, 0, 0, 0, 440),
(391, '2022-10-12', 91, 60, 0, 0, 0, 480),
(392, '2022-10-12', 92, 65, 0, 0, 0, 520),
(393, '2022-10-13', 93, 70, 0, 0, 0, 560),
(394, '2022-10-16', 94, 75, 0, 0, 0, 600),
(395, '2022-10-19', 95, 80, 0, 0, 0, 640),
(396, '2022-10-20', 96, 85, 0, 0, 0, 680),
(397, '2022-10-21', 97, 90, 0, 0, 0, 720),
(398, '2022-10-21', 98, 95, 0, 0, 0, 760),
(399, '2022-10-21', 99, 100, 0, 0, 0, 800),
(400, '2022-10-22', 100, 105, 0, 0, 0, 840),
(401, '2022-10-22', 101, 110, 0, 0, 0, 880),
(402, '2022-10-23', 102, 115, 0, 0, 0, 920),
(403, '2022-10-23', 103, 120, 0, 0, 0, 960),
(404, '2022-10-25', 104, 125, 0, 0, 0, 1000),
(405, '2022-10-25', 105, 0, 0, 5, 0, 25),
(406, '2022-10-26', 106, 0, 0, 5, 0, 25),
(407, '2022-10-27', 107, 0, 0, 5, 0, 25),
(408, '2022-10-27', 108, 0, 0, 5, 0, 25),
(409, '2022-10-29', 109, 0, 0, 5, 0, 25),
(410, '2022-10-29', 110, 0, 0, 5, 0, 25),
(411, '2022-10-29', 111, 0, 0, 5, 0, 25),
(412, '2022-10-30', 112, 0, 0, 5, 0, 25),
(413, '2022-10-31', 113, 0, 0, 5, 0, 25),
(414, '2022-10-31', 114, 0, 0, 5, 0, 25),
(415, '2022-11-02', 115, 0, 0, 5, 0, 25),
(416, '2022-11-02', 116, 0, 0, 5, 0, 25),
(417, '2022-11-02', 117, 0, 0, 5, 0, 25),
(418, '2022-11-03', 118, 0, 0, 5, 0, 25),
(419, '2022-11-03', 119, 0, 0, 5, 0, 25),
(420, '2022-11-04', 120, 0, 0, 0, 15, 150),
(421, '2022-11-04', 121, 0, 0, 0, 15, 150),
(422, '2022-11-04', 122, 0, 0, 0, 15, 150),
(423, '2022-11-05', 123, 0, 0, 0, 15, 150),
(424, '2022-11-05', 124, 0, 0, 0, 15, 150),
(425, '2022-11-05', 125, 0, 0, 0, 15, 150),
(426, '2022-11-06', 126, 0, 0, 0, 15, 150),
(427, '2022-11-07', 127, 0, 0, 0, 15, 150),
(428, '2022-11-08', 128, 0, 0, 0, 15, 150),
(429, '2022-11-08', 129, 0, 0, 0, 15, 150),
(430, '2022-11-09', 130, 0, 0, 0, 15, 150),
(431, '2022-11-13', 131, 0, 0, 0, 15, 150),
(432, '2022-11-15', 132, 0, 0, 0, 15, 150),
(433, '2022-11-15', 133, 0, 0, 0, 15, 150),
(434, '2022-11-15', 134, 0, 0, 0, 15, 150),
(435, '2022-11-15', 135, 0, 10, 0, 0, 80),
(436, '2022-11-16', 136, 0, 10, 0, 0, 80),
(437, '2022-11-16', 137, 0, 10, 0, 0, 80),
(438, '2022-11-17', 138, 0, 10, 0, 0, 80),
(439, '2022-11-18', 139, 0, 10, 0, 0, 80),
(440, '2022-11-20', 140, 0, 10, 0, 0, 80),
(441, '2022-11-20', 141, 0, 10, 0, 0, 80),
(442, '2022-11-20', 142, 0, 10, 0, 0, 80),
(443, '2022-11-21', 143, 0, 10, 0, 0, 80),
(444, '2022-11-21', 144, 0, 10, 0, 0, 80),
(445, '2022-11-21', 145, 0, 10, 0, 0, 80),
(446, '2022-11-22', 146, 0, 10, 0, 0, 80),
(447, '2022-11-23', 147, 0, 10, 0, 0, 80),
(448, '2022-11-23', 148, 0, 10, 0, 0, 80),
(449, '2022-11-23', 149, 0, 10, 0, 0, 80),
(450, '2022-11-23', 150, 0, 10, 0, 0, 80),
(451, '2022-11-24', 151, 0, 10, 0, 0, 80),
(452, '2022-11-24', 152, 0, 10, 0, 0, 80),
(453, '2022-11-26', 153, 0, 10, 0, 0, 80),
(454, '2022-11-26', 154, 0, 10, 0, 0, 80),
(455, '2022-11-27', 155, 0, 10, 0, 0, 80),
(456, '2022-11-27', 156, 0, 10, 0, 0, 80),
(457, '2022-11-28', 157, 0, 10, 0, 0, 80),
(458, '2022-12-01', 158, 0, 10, 0, 0, 80),
(459, '2022-12-01', 159, 0, 10, 0, 0, 80),
(460, '2022-12-01', 160, 0, 10, 0, 0, 80),
(461, '2022-12-01', 161, 0, 10, 0, 0, 80),
(462, '2022-12-01', 162, 0, 10, 0, 0, 80),
(463, '2022-12-02', 163, 0, 10, 0, 0, 80),
(464, '2022-12-02', 164, 0, 10, 0, 0, 80),
(465, '2022-12-02', 165, 0, 10, 0, 0, 80),
(466, '2022-12-04', 166, 0, 10, 0, 0, 80),
(467, '2022-12-04', 167, 0, 10, 0, 0, 80),
(468, '2022-12-06', 168, 0, 10, 0, 0, 80),
(469, '2022-12-07', 169, 0, 10, 0, 0, 80),
(470, '2022-12-07', 170, 0, 10, 0, 0, 80),
(471, '2022-12-07', 171, 0, 10, 0, 0, 80),
(472, '2022-12-09', 172, 0, 10, 0, 0, 80),
(473, '2022-12-09', 173, 0, 10, 0, 0, 80),
(474, '2022-12-10', 174, 0, 10, 0, 0, 80),
(475, '2022-12-10', 175, 0, 10, 0, 0, 80),
(476, '2022-12-10', 176, 0, 10, 0, 0, 80),
(477, '2022-12-11', 177, 0, 10, 0, 0, 80),
(478, '2022-12-11', 178, 0, 10, 0, 0, 80),
(479, '2022-12-12', 179, 0, 10, 0, 0, 80),
(480, '2022-12-12', 180, 0, 10, 0, 0, 80),
(481, '2022-12-12', 181, 0, 10, 0, 0, 80),
(482, '2022-12-14', 182, 0, 10, 0, 0, 80),
(483, '2022-12-15', 183, 0, 10, 0, 0, 80),
(484, '2022-12-17', 184, 0, 10, 0, 0, 80),
(485, '2022-12-17', 185, 0, 10, 0, 0, 80),
(486, '2022-12-18', 186, 0, 10, 0, 0, 80),
(487, '2022-12-19', 187, 0, 10, 0, 0, 80),
(488, '2022-12-20', 188, 0, 10, 0, 0, 80),
(489, '2022-12-21', 189, 0, 10, 0, 0, 80),
(490, '2022-12-21', 190, 0, 10, 0, 0, 80),
(491, '2022-12-23', 191, 0, 10, 0, 0, 80),
(492, '2022-12-23', 192, 0, 10, 0, 0, 80),
(493, '2022-12-23', 193, 0, 10, 0, 0, 80),
(494, '2022-12-24', 194, 0, 10, 0, 0, 80),
(495, '2022-12-24', 195, 0, 10, 0, 0, 80),
(496, '2022-12-25', 196, 0, 10, 0, 0, 80),
(497, '2022-12-28', 197, 0, 10, 0, 0, 80),
(498, '2022-12-29', 198, 0, 10, 0, 0, 80),
(499, '2022-12-29', 199, 0, 10, 0, 0, 80),
(500, '2022-12-30', 200, 0, 10, 0, 0, 80),
(501, '2022-12-30', 201, 0, 10, 0, 0, 80),
(502, '2022-12-31', 202, 0, 10, 0, 0, 80),
(503, '2023-01-01', 203, 0, 10, 0, 0, 80),
(504, '2023-01-01', 204, 0, 10, 0, 0, 80),
(505, '2023-01-01', 205, 0, 10, 0, 0, 80),
(506, '2023-01-03', 206, 0, 10, 0, 0, 80),
(507, '2023-01-04', 207, 0, 10, 0, 0, 80),
(508, '2023-01-06', 208, 0, 10, 0, 0, 80),
(509, '2023-01-06', 209, 0, 10, 0, 0, 80),
(510, '2023-01-07', 210, 0, 10, 0, 0, 80),
(511, '2023-01-07', 211, 0, 10, 0, 0, 80),
(512, '2023-01-08', 212, 0, 10, 0, 0, 80),
(513, '2023-01-09', 213, 0, 10, 0, 0, 80),
(514, '2023-01-09', 214, 0, 10, 0, 0, 80),
(515, '2023-01-09', 215, 0, 10, 0, 0, 80),
(516, '2023-01-11', 216, 0, 10, 0, 0, 80),
(517, '2023-01-13', 217, 0, 10, 0, 0, 80),
(518, '2023-01-13', 218, 0, 10, 0, 0, 80),
(519, '2023-01-13', 219, 0, 10, 0, 0, 80),
(520, '2023-01-14', 220, 0, 10, 0, 0, 80),
(521, '2023-01-14', 221, 0, 10, 0, 0, 80),
(522, '2023-01-16', 222, 0, 10, 0, 0, 80),
(523, '2023-01-16', 223, 0, 10, 0, 0, 80),
(524, '2023-01-17', 224, 0, 10, 0, 0, 80),
(525, '2023-01-18', 225, 0, 10, 0, 0, 80),
(526, '2023-01-18', 226, 0, 10, 0, 0, 80),
(527, '2023-01-19', 227, 0, 10, 0, 0, 80),
(528, '2023-01-21', 228, 0, 10, 0, 0, 80),
(529, '2023-01-21', 229, 0, 10, 0, 0, 80),
(530, '2023-01-25', 230, 0, 10, 0, 0, 80),
(531, '2023-01-25', 231, 0, 10, 0, 0, 80),
(532, '2023-01-27', 232, 0, 10, 0, 0, 80),
(533, '2023-01-28', 233, 0, 10, 0, 0, 80),
(534, '2023-01-30', 234, 0, 10, 0, 0, 80),
(535, '2023-01-31', 235, 0, 10, 0, 0, 80),
(536, '2023-02-01', 236, 0, 10, 0, 0, 80),
(537, '2023-02-01', 237, 0, 10, 0, 0, 80),
(538, '2023-02-01', 238, 0, 10, 0, 0, 80),
(539, '2023-02-01', 239, 0, 10, 0, 0, 80),
(540, '2023-02-02', 240, 0, 10, 0, 0, 80),
(541, '2023-02-02', 241, 0, 10, 0, 0, 80),
(542, '2023-02-02', 242, 0, 10, 0, 0, 80),
(543, '2023-02-04', 243, 0, 10, 0, 0, 80),
(544, '2023-02-07', 244, 0, 10, 0, 0, 80),
(545, '2023-02-07', 245, 0, 10, 0, 0, 80),
(546, '2023-02-07', 246, 0, 10, 0, 0, 80),
(547, '2023-02-07', 247, 0, 10, 0, 0, 80),
(548, '2023-02-08', 248, 0, 10, 0, 0, 80),
(549, '2023-02-08', 249, 0, 10, 0, 0, 80),
(550, '2023-02-09', 250, 0, 10, 0, 0, 80),
(551, '2023-02-11', 251, 0, 10, 0, 0, 80),
(552, '2023-02-12', 252, 0, 10, 0, 0, 80),
(553, '2023-02-13', 253, 0, 10, 0, 0, 80),
(554, '2023-02-13', 254, 0, 10, 0, 0, 80),
(555, '2023-02-13', 255, 0, 10, 0, 0, 80),
(556, '2023-02-13', 256, 0, 10, 0, 0, 80),
(557, '2023-02-13', 257, 0, 10, 0, 0, 80),
(558, '2023-02-14', 258, 0, 10, 0, 0, 80),
(559, '2023-02-16', 259, 0, 10, 0, 0, 80),
(560, '2023-02-17', 260, 0, 10, 0, 0, 80),
(561, '2023-02-17', 261, 0, 10, 0, 0, 80),
(562, '2023-02-17', 262, 0, 10, 0, 0, 80),
(563, '2023-02-17', 263, 0, 0, 5, 0, 25),
(564, '2023-02-18', 264, 0, 0, 5, 0, 25),
(565, '2023-02-20', 265, 0, 0, 5, 0, 25),
(566, '2023-02-20', 266, 0, 0, 5, 0, 25),
(567, '2023-02-21', 267, 0, 0, 5, 0, 25),
(568, '2023-02-23', 268, 0, 0, 5, 0, 25),
(569, '2023-02-23', 269, 0, 0, 5, 0, 25),
(570, '2023-02-24', 270, 0, 0, 5, 0, 25),
(571, '2023-02-25', 271, 0, 0, 5, 0, 25),
(572, '2023-02-28', 272, 0, 0, 5, 0, 25),
(573, '2023-03-02', 273, 0, 0, 5, 0, 25),
(574, '2023-03-03', 274, 0, 0, 5, 0, 25),
(575, '2023-03-03', 275, 0, 0, 5, 0, 25),
(576, '2023-03-03', 276, 0, 0, 5, 0, 25),
(577, '2023-03-04', 277, 0, 0, 5, 0, 25),
(578, '2023-03-06', 278, 0, 0, 5, 0, 25),
(579, '2023-03-07', 279, 0, 0, 5, 0, 25),
(580, '2023-03-08', 280, 0, 0, 5, 0, 25),
(581, '2023-03-09', 281, 0, 0, 5, 0, 25),
(582, '2023-03-09', 282, 0, 0, 5, 0, 25),
(583, '2023-03-09', 283, 0, 0, 5, 0, 25),
(584, '2023-03-10', 284, 0, 0, 5, 0, 25),
(585, '2023-03-11', 285, 0, 0, 5, 0, 25),
(586, '2023-03-13', 286, 0, 0, 5, 0, 25),
(587, '2023-03-14', 287, 0, 0, 5, 0, 25),
(588, '2023-03-14', 288, 0, 0, 5, 0, 25),
(589, '2023-03-15', 289, 0, 0, 5, 0, 25),
(590, '2023-03-15', 290, 0, 0, 5, 0, 25),
(591, '2023-03-17', 291, 0, 0, 5, 0, 25),
(592, '2023-03-19', 292, 0, 0, 5, 0, 25),
(593, '2023-03-21', 293, 0, 0, 5, 0, 25),
(594, '2023-03-24', 294, 0, 0, 5, 0, 25),
(595, '2023-03-24', 295, 0, 0, 5, 0, 25),
(596, '2023-03-24', 296, 0, 0, 5, 0, 25),
(597, '2023-03-25', 297, 0, 0, 5, 0, 25),
(598, '2023-03-25', 298, 0, 0, 5, 0, 25),
(599, '2023-03-25', 299, 0, 0, 5, 0, 25),
(600, '2023-03-26', 300, 0, 0, 5, 0, 25),
(601, '2023-03-26', 1, 0, 0, 5, 0, 25),
(602, '2023-03-27', 2, 0, 0, 5, 0, 25),
(603, '2023-03-27', 3, 0, 0, 5, 0, 25),
(604, '2023-03-30', 4, 0, 0, 5, 0, 25),
(605, '2023-03-31', 5, 0, 0, 5, 0, 25),
(606, '2023-03-31', 6, 0, 0, 5, 0, 25),
(607, '2023-04-01', 7, 0, 0, 5, 0, 25),
(608, '2023-04-01', 8, 0, 0, 5, 0, 25),
(609, '2023-04-02', 9, 0, 0, 5, 0, 25),
(610, '2023-04-04', 10, 0, 0, 5, 0, 25),
(611, '2023-04-05', 11, 0, 0, 5, 0, 25),
(612, '2023-04-08', 12, 0, 0, 5, 0, 25),
(613, '2023-04-09', 13, 0, 0, 5, 0, 25),
(614, '2023-04-10', 14, 0, 0, 5, 0, 25),
(615, '2023-04-10', 15, 0, 0, 5, 0, 25),
(616, '2023-04-12', 16, 0, 0, 5, 0, 25),
(617, '2023-04-12', 17, 0, 0, 5, 0, 25),
(618, '2023-04-13', 18, 0, 0, 5, 0, 25),
(619, '2023-04-13', 19, 0, 0, 5, 0, 25),
(620, '2023-04-15', 20, 0, 0, 5, 0, 25),
(621, '2023-04-16', 21, 0, 0, 5, 0, 25),
(622, '2023-04-16', 22, 0, 0, 5, 0, 25),
(623, '2023-04-17', 23, 0, 0, 5, 0, 25),
(624, '2023-04-17', 24, 0, 0, 5, 0, 25),
(625, '2023-04-19', 25, 0, 0, 5, 0, 25),
(626, '2023-04-20', 26, 5, 0, 0, 0, 40),
(627, '2023-04-21', 27, 5, 0, 0, 0, 40),
(628, '2023-04-21', 28, 5, 0, 0, 0, 40),
(629, '2023-04-22', 29, 5, 0, 0, 0, 40),
(630, '2023-04-23', 30, 5, 0, 0, 0, 40),
(631, '2023-04-23', 31, 5, 0, 0, 0, 40),
(632, '2023-04-24', 32, 5, 0, 0, 0, 40),
(633, '2023-04-25', 33, 5, 0, 0, 0, 40),
(634, '2023-04-26', 34, 5, 0, 0, 0, 40),
(635, '2023-04-27', 35, 5, 0, 0, 0, 40),
(636, '2023-04-28', 36, 5, 0, 0, 0, 40),
(637, '2023-04-30', 37, 5, 0, 0, 0, 40),
(638, '2023-05-02', 38, 5, 0, 0, 0, 40),
(639, '2023-05-03', 39, 5, 0, 0, 0, 40),
(640, '2023-05-03', 40, 5, 0, 0, 0, 40),
(641, '2023-05-03', 41, 5, 0, 0, 0, 40),
(642, '2023-05-05', 42, 5, 0, 0, 0, 40),
(643, '2023-05-07', 43, 5, 0, 0, 0, 40),
(644, '2023-05-07', 44, 5, 0, 0, 0, 40),
(645, '2023-05-07', 45, 5, 0, 0, 0, 40),
(646, '2023-05-07', 46, 5, 0, 0, 0, 40),
(647, '2023-05-08', 47, 5, 0, 0, 0, 40),
(648, '2023-05-08', 48, 5, 0, 0, 0, 40),
(649, '2023-05-09', 49, 5, 0, 0, 0, 40),
(650, '2023-05-11', 50, 5, 0, 0, 0, 40),
(651, '2023-05-12', 51, 5, 0, 0, 0, 40),
(652, '2023-05-13', 52, 5, 0, 0, 0, 40),
(653, '2023-05-14', 53, 5, 0, 0, 0, 40),
(654, '2023-05-15', 54, 5, 0, 0, 0, 40),
(655, '2023-05-16', 55, 5, 0, 0, 0, 40),
(656, '2023-05-16', 56, 5, 0, 0, 0, 40),
(657, '2023-05-17', 57, 5, 0, 0, 0, 40),
(658, '2023-05-17', 58, 5, 0, 0, 0, 40),
(659, '2023-05-18', 59, 5, 0, 0, 0, 40),
(660, '2023-05-19', 60, 5, 0, 0, 0, 40),
(661, '2023-05-19', 61, 5, 0, 0, 0, 40),
(662, '2023-05-19', 62, 5, 0, 0, 0, 40),
(663, '2023-05-20', 63, 5, 0, 0, 0, 40),
(664, '2023-05-21', 64, 5, 0, 0, 0, 40),
(665, '2023-05-22', 65, 5, 0, 0, 0, 40),
(666, '2023-05-24', 66, 5, 0, 0, 0, 40),
(667, '2023-05-24', 67, 5, 0, 0, 0, 40),
(668, '2023-05-26', 68, 5, 0, 0, 0, 40),
(669, '2023-05-26', 69, 5, 0, 0, 0, 40),
(670, '2023-05-26', 70, 5, 0, 0, 0, 40),
(671, '2023-05-26', 71, 5, 0, 0, 0, 40),
(672, '2023-05-27', 72, 5, 0, 0, 0, 40),
(673, '2023-05-28', 73, 5, 0, 0, 0, 40),
(674, '2023-05-28', 74, 5, 0, 0, 0, 40),
(675, '2023-05-28', 75, 5, 0, 0, 0, 40),
(676, '2023-05-28', 76, 5, 0, 0, 0, 40),
(677, '2023-05-29', 77, 5, 0, 0, 0, 40),
(678, '2023-05-29', 78, 5, 0, 0, 0, 40),
(679, '2023-05-30', 79, 5, 0, 0, 0, 40),
(680, '2023-05-30', 80, 5, 0, 0, 0, 40),
(681, '2023-05-31', 81, 5, 0, 0, 0, 40),
(682, '2023-05-31', 82, 5, 0, 0, 0, 40),
(683, '2023-06-01', 83, 5, 0, 0, 0, 40),
(684, '2023-06-02', 84, 5, 0, 0, 0, 40),
(685, '2023-06-06', 85, 5, 0, 0, 0, 40),
(686, '2023-06-07', 86, 5, 0, 0, 0, 40),
(687, '2023-06-07', 87, 5, 0, 0, 0, 40),
(688, '2023-06-08', 88, 5, 0, 0, 0, 40),
(689, '2023-06-09', 89, 5, 0, 0, 0, 40),
(690, '2023-06-09', 90, 5, 0, 0, 0, 40),
(691, '2023-06-09', 91, 5, 0, 0, 0, 40),
(692, '2023-06-10', 92, 5, 0, 0, 0, 40),
(693, '2023-06-10', 93, 5, 0, 0, 0, 40),
(694, '2023-06-11', 94, 5, 0, 0, 0, 40),
(695, '2023-06-12', 95, 5, 0, 0, 0, 40),
(696, '2023-06-12', 96, 5, 0, 0, 0, 40),
(697, '2023-06-12', 97, 5, 0, 0, 0, 40),
(698, '2023-06-14', 98, 5, 0, 0, 0, 40),
(699, '2023-06-15', 99, 5, 0, 0, 0, 40),
(700, '2023-06-15', 100, 5, 0, 0, 0, 40),
(701, '2023-06-16', 101, 5, 0, 0, 0, 40),
(702, '2023-06-16', 102, 5, 0, 0, 0, 40),
(703, '2023-06-17', 103, 5, 0, 0, 0, 40),
(704, '2023-06-17', 104, 5, 0, 0, 0, 40),
(705, '2023-06-17', 105, 5, 0, 0, 0, 40),
(706, '2023-06-18', 106, 5, 0, 0, 0, 40),
(707, '2023-06-19', 107, 5, 0, 0, 0, 40),
(708, '2023-06-19', 108, 5, 0, 0, 0, 40),
(709, '2023-06-19', 109, 5, 0, 0, 0, 40),
(710, '2023-06-20', 110, 5, 0, 0, 0, 40),
(711, '2023-06-20', 111, 5, 0, 0, 0, 40),
(712, '2023-06-21', 112, 5, 0, 0, 0, 40),
(713, '2023-06-21', 113, 5, 0, 0, 0, 40),
(714, '2023-06-21', 114, 5, 0, 0, 0, 40),
(715, '2023-06-21', 115, 5, 0, 0, 0, 40),
(716, '2023-06-21', 116, 5, 0, 0, 0, 40),
(717, '2023-06-22', 117, 5, 0, 0, 0, 40),
(718, '2023-06-23', 118, 5, 0, 0, 0, 40),
(719, '2023-06-23', 119, 5, 0, 0, 0, 40),
(720, '2023-06-27', 120, 5, 0, 0, 0, 40),
(721, '2023-06-27', 121, 5, 0, 0, 0, 40),
(722, '2023-06-28', 122, 5, 0, 0, 0, 40),
(723, '2023-06-28', 123, 5, 0, 0, 0, 40),
(724, '2023-06-28', 124, 5, 0, 0, 0, 40),
(725, '2023-06-30', 125, 5, 0, 0, 0, 40),
(726, '2023-07-02', 126, 5, 0, 0, 0, 40),
(727, '2023-07-02', 127, 5, 0, 0, 0, 40),
(728, '2023-07-02', 128, 5, 0, 0, 0, 40),
(729, '2023-07-03', 129, 5, 0, 0, 0, 40),
(730, '2023-07-04', 130, 5, 0, 0, 0, 40),
(731, '2023-07-04', 131, 5, 0, 0, 0, 40),
(732, '2023-07-05', 132, 5, 0, 0, 0, 40),
(733, '2023-07-05', 133, 5, 0, 0, 0, 40),
(734, '2023-07-05', 134, 5, 0, 0, 0, 40),
(735, '2023-07-05', 135, 5, 0, 0, 0, 40),
(736, '2023-07-08', 136, 5, 0, 0, 0, 40),
(737, '2023-07-08', 137, 5, 0, 0, 0, 40),
(738, '2023-07-09', 138, 5, 0, 0, 0, 40),
(739, '2023-07-10', 139, 5, 0, 0, 0, 40),
(740, '2023-07-10', 140, 5, 0, 0, 0, 40),
(741, '2023-07-10', 141, 5, 0, 0, 0, 40),
(742, '2023-07-11', 142, 5, 0, 0, 0, 40),
(743, '2023-07-16', 143, 5, 0, 0, 0, 40),
(744, '2023-07-16', 144, 5, 0, 0, 0, 40),
(745, '2023-07-17', 145, 5, 0, 0, 0, 40),
(746, '2023-07-18', 146, 5, 0, 0, 0, 40),
(747, '2023-07-18', 147, 5, 0, 0, 0, 40),
(748, '2023-07-19', 148, 5, 0, 0, 0, 40),
(749, '2023-07-19', 149, 5, 0, 0, 0, 40),
(750, '2023-07-20', 150, 5, 0, 0, 0, 40),
(751, '2023-07-20', 151, 5, 0, 0, 0, 40),
(752, '2023-07-20', 152, 5, 0, 0, 0, 40),
(753, '2023-07-20', 153, 5, 0, 0, 0, 40),
(754, '2023-07-22', 154, 5, 0, 0, 0, 40),
(755, '2023-07-22', 155, 5, 0, 0, 0, 40),
(756, '2023-07-22', 156, 0, 0, 0, 5, 50),
(757, '2023-07-22', 157, 0, 0, 0, 5, 50),
(758, '2023-07-22', 158, 0, 0, 0, 5, 50),
(759, '2023-07-23', 159, 0, 0, 0, 5, 50),
(760, '2023-07-23', 160, 0, 0, 0, 5, 50),
(761, '2023-07-26', 161, 0, 0, 0, 5, 50),
(762, '2023-07-26', 162, 0, 0, 0, 5, 50),
(763, '2023-07-26', 163, 0, 0, 0, 5, 50),
(764, '2023-07-27', 164, 0, 0, 0, 5, 50),
(765, '2023-07-29', 165, 0, 0, 0, 5, 50),
(766, '2023-07-30', 166, 0, 0, 0, 5, 50),
(767, '2023-07-30', 167, 0, 0, 0, 5, 50),
(768, '2023-07-31', 168, 0, 0, 0, 5, 50),
(769, '2023-08-01', 169, 0, 0, 0, 5, 50),
(770, '2023-08-01', 170, 0, 0, 0, 5, 50),
(771, '2023-08-02', 171, 0, 0, 0, 5, 50),
(772, '2023-08-04', 172, 0, 0, 0, 5, 50),
(773, '2023-08-04', 173, 0, 0, 0, 5, 50),
(774, '2023-08-04', 174, 0, 0, 0, 5, 50),
(775, '2023-08-06', 175, 0, 0, 0, 5, 50),
(776, '2023-08-06', 176, 0, 0, 0, 5, 50),
(777, '2023-08-07', 177, 0, 0, 0, 5, 50),
(778, '2023-08-07', 178, 0, 0, 0, 5, 50),
(779, '2023-08-08', 179, 0, 0, 0, 5, 50),
(780, '2023-08-08', 180, 0, 0, 0, 5, 50),
(781, '2023-08-10', 181, 0, 0, 0, 5, 50),
(782, '2023-08-10', 182, 0, 0, 0, 5, 50),
(783, '2023-08-12', 183, 0, 0, 0, 5, 50),
(784, '2023-08-13', 184, 0, 0, 0, 5, 50),
(785, '2023-08-15', 185, 0, 0, 0, 5, 50),
(786, '2023-08-16', 186, 0, 0, 0, 5, 50),
(787, '2023-08-16', 187, 0, 0, 0, 5, 50),
(788, '2023-08-16', 188, 0, 0, 0, 5, 50),
(789, '2023-08-16', 189, 0, 0, 0, 5, 50),
(790, '2023-08-17', 190, 0, 0, 0, 5, 50),
(791, '2023-08-17', 191, 0, 0, 0, 5, 50),
(792, '2023-08-18', 192, 0, 0, 0, 5, 50),
(793, '2023-08-18', 193, 0, 0, 0, 5, 50),
(794, '2023-08-18', 194, 0, 0, 0, 5, 50),
(795, '2023-08-20', 195, 0, 0, 0, 5, 50),
(796, '2023-08-21', 196, 0, 0, 0, 5, 50),
(797, '2023-08-21', 197, 0, 0, 0, 5, 50),
(798, '2023-08-21', 198, 0, 0, 0, 5, 50),
(799, '2023-08-21', 199, 0, 0, 0, 5, 50),
(800, '2023-08-22', 200, 0, 0, 0, 5, 50),
(801, '2023-08-23', 201, 0, 0, 0, 5, 50),
(802, '2023-08-23', 202, 0, 0, 0, 5, 50),
(803, '2023-08-23', 203, 0, 0, 0, 5, 50),
(804, '2023-08-26', 204, 0, 0, 0, 5, 50),
(805, '2023-08-27', 205, 0, 0, 0, 5, 50),
(806, '2023-08-27', 206, 0, 0, 0, 5, 50),
(807, '2023-08-27', 207, 0, 0, 0, 5, 50),
(808, '2023-08-28', 208, 0, 0, 0, 5, 50),
(809, '2023-08-29', 209, 0, 0, 0, 5, 50),
(810, '2023-08-29', 210, 0, 0, 0, 5, 50),
(811, '2023-08-30', 211, 0, 0, 0, 5, 50),
(812, '2023-08-31', 212, 0, 0, 0, 5, 50),
(813, '2023-08-31', 213, 0, 0, 0, 5, 50),
(814, '2023-08-31', 214, 0, 0, 0, 5, 50),
(815, '2023-09-01', 215, 0, 0, 0, 5, 50),
(816, '2023-09-01', 216, 0, 0, 0, 5, 50),
(817, '2023-09-01', 217, 0, 0, 0, 5, 50),
(818, '2023-09-01', 218, 0, 0, 0, 5, 50),
(819, '2023-09-02', 219, 0, 0, 0, 5, 50),
(820, '2023-09-04', 220, 0, 0, 0, 5, 50),
(821, '2023-09-04', 221, 0, 0, 0, 5, 50),
(822, '2023-09-05', 222, 0, 0, 0, 5, 50),
(823, '2023-09-05', 223, 0, 0, 0, 5, 50),
(824, '2023-09-05', 224, 0, 0, 0, 5, 50),
(825, '2023-09-05', 225, 0, 0, 0, 5, 50),
(826, '2023-09-05', 226, 0, 0, 0, 5, 50),
(827, '2023-09-05', 227, 0, 0, 0, 5, 50),
(828, '2023-09-08', 228, 0, 0, 0, 5, 50),
(829, '2023-09-09', 229, 0, 0, 0, 5, 50),
(830, '2023-09-09', 230, 0, 0, 0, 5, 50),
(831, '2023-09-10', 231, 0, 0, 0, 5, 50),
(832, '2023-09-12', 232, 0, 0, 0, 5, 50),
(833, '2023-09-13', 233, 0, 0, 0, 5, 50),
(834, '2023-09-17', 234, 0, 0, 0, 5, 50),
(835, '2023-09-17', 235, 0, 0, 0, 5, 50),
(836, '2023-09-20', 236, 0, 0, 0, 5, 50),
(837, '2023-09-21', 237, 0, 0, 0, 5, 50),
(838, '2023-09-22', 238, 0, 0, 0, 5, 50),
(839, '2023-09-22', 239, 0, 0, 0, 5, 50),
(840, '2023-09-22', 240, 0, 0, 0, 5, 50),
(841, '2023-09-23', 241, 0, 0, 0, 5, 50),
(842, '2023-09-24', 242, 0, 0, 0, 5, 50),
(843, '2023-09-25', 243, 0, 0, 0, 5, 50),
(844, '2023-09-25', 244, 0, 0, 0, 5, 50),
(845, '2023-09-25', 245, 0, 0, 0, 5, 50),
(846, '2023-09-26', 246, 0, 0, 0, 5, 50),
(847, '2023-09-26', 247, 0, 0, 0, 5, 50),
(848, '2023-09-26', 248, 0, 0, 0, 5, 50),
(849, '2023-09-28', 249, 0, 0, 0, 5, 50),
(850, '2023-09-29', 250, 0, 0, 0, 5, 50),
(851, '2023-09-29', 251, 0, 0, 0, 5, 50),
(852, '2023-09-30', 252, 0, 0, 0, 5, 50),
(853, '2023-10-01', 253, 0, 0, 0, 5, 50),
(854, '2023-10-01', 254, 0, 0, 0, 5, 50),
(855, '2023-10-01', 255, 0, 0, 0, 5, 50),
(856, '2023-10-02', 256, 0, 0, 0, 5, 50),
(857, '2023-10-03', 257, 0, 0, 0, 5, 50),
(858, '2023-10-04', 258, 0, 0, 0, 5, 50),
(859, '2023-10-04', 259, 0, 0, 0, 5, 50),
(860, '2023-10-05', 260, 0, 0, 0, 5, 50),
(861, '2023-10-05', 261, 0, 0, 0, 5, 50),
(862, '2023-10-05', 262, 0, 0, 0, 5, 50),
(863, '2023-10-05', 263, 0, 0, 0, 5, 50),
(864, '2023-10-06', 264, 0, 0, 0, 5, 50),
(865, '2023-10-06', 265, 0, 0, 0, 5, 50),
(866, '2023-10-06', 266, 0, 0, 0, 5, 50),
(867, '2023-10-07', 267, 0, 0, 0, 5, 50),
(868, '2023-10-07', 268, 0, 0, 0, 5, 50),
(869, '2023-10-08', 269, 0, 0, 0, 5, 50),
(870, '2023-10-08', 270, 0, 0, 0, 5, 50),
(871, '2023-10-09', 271, 0, 0, 0, 5, 50),
(872, '2023-10-11', 272, 0, 0, 0, 5, 50),
(873, '2023-10-12', 273, 0, 0, 0, 5, 50),
(874, '2023-10-12', 274, 0, 0, 0, 5, 50),
(875, '2023-10-12', 275, 0, 0, 0, 5, 50),
(876, '2023-10-12', 276, 0, 0, 0, 5, 50),
(877, '2023-10-13', 277, 0, 0, 0, 5, 50),
(878, '2023-10-13', 278, 0, 0, 0, 5, 50),
(879, '2023-10-14', 279, 0, 0, 0, 5, 50),
(880, '2023-10-16', 280, 0, 0, 0, 5, 50),
(881, '2023-10-16', 281, 0, 0, 0, 5, 50),
(882, '2023-10-16', 282, 0, 0, 0, 5, 50),
(883, '2023-10-16', 283, 0, 0, 0, 5, 50),
(884, '2023-10-18', 284, 0, 0, 0, 5, 50),
(885, '2023-10-18', 285, 0, 0, 0, 5, 50),
(886, '2023-10-19', 286, 0, 0, 0, 5, 50),
(887, '2023-10-19', 287, 0, 0, 0, 5, 50),
(888, '2023-10-20', 288, 0, 0, 0, 5, 50),
(889, '2023-10-20', 289, 0, 0, 0, 5, 50),
(890, '2023-10-21', 290, 0, 0, 0, 5, 50),
(891, '2023-10-21', 291, 0, 0, 0, 5, 50),
(892, '2023-10-23', 292, 0, 0, 0, 5, 50),
(893, '2023-10-23', 293, 0, 0, 0, 5, 50),
(894, '2023-10-23', 294, 0, 0, 0, 5, 50),
(895, '2023-10-25', 295, 0, 0, 0, 5, 50),
(896, '2023-10-25', 296, 0, 0, 0, 5, 50),
(897, '2023-10-26', 297, 0, 0, 0, 5, 50),
(898, '2023-10-26', 298, 0, 0, 0, 5, 50),
(899, '2023-10-28', 299, 0, 0, 0, 5, 50),
(900, '2023-10-29', 300, 0, 0, 0, 5, 50),
(901, '2023-10-30', 1, 0, 0, 0, 5, 50),
(902, '2023-10-31', 2, 0, 0, 0, 5, 50),
(903, '2023-10-31', 3, 0, 0, 0, 5, 50),
(904, '2023-10-31', 4, 0, 0, 0, 5, 50),
(905, '2023-10-31', 5, 0, 0, 0, 5, 50),
(906, '2023-11-01', 6, 0, 0, 0, 5, 50),
(907, '2023-11-02', 7, 0, 0, 0, 5, 50),
(908, '2023-11-02', 8, 0, 0, 0, 5, 50),
(909, '2023-11-04', 9, 0, 0, 0, 5, 50),
(910, '2023-11-05', 10, 0, 0, 0, 5, 50),
(911, '2023-11-06', 11, 0, 0, 0, 5, 50),
(912, '2023-11-07', 12, 0, 0, 0, 5, 50),
(913, '2023-11-07', 13, 0, 0, 0, 5, 50),
(914, '2023-11-08', 14, 0, 0, 0, 5, 50),
(915, '2023-11-08', 15, 0, 0, 0, 5, 50),
(916, '2023-11-09', 16, 0, 0, 0, 5, 50),
(917, '2023-11-09', 17, 0, 0, 0, 5, 50),
(918, '2023-11-09', 18, 0, 0, 0, 5, 50),
(919, '2023-11-10', 19, 0, 0, 0, 5, 50),
(920, '2023-11-10', 20, 0, 0, 0, 5, 50),
(921, '2023-11-12', 21, 0, 0, 0, 5, 50),
(922, '2023-11-12', 22, 0, 0, 0, 5, 50),
(923, '2023-11-13', 23, 0, 5, 0, 0, 40),
(924, '2023-11-13', 24, 0, 5, 0, 0, 40),
(925, '2023-11-14', 25, 0, 5, 0, 0, 40),
(926, '2023-11-15', 26, 0, 5, 0, 0, 40),
(927, '2023-11-17', 27, 0, 5, 0, 0, 40),
(928, '2023-11-17', 28, 0, 5, 0, 0, 40),
(929, '2023-11-17', 29, 0, 5, 0, 0, 40),
(930, '2023-11-18', 30, 0, 5, 0, 0, 40),
(931, '2023-11-19', 31, 0, 5, 0, 0, 40),
(932, '2023-11-19', 32, 0, 5, 0, 0, 40),
(933, '2023-11-20', 33, 0, 5, 0, 0, 40),
(934, '2023-11-20', 34, 0, 5, 0, 0, 40),
(935, '2023-11-20', 35, 0, 5, 0, 0, 40),
(936, '2023-11-20', 36, 0, 5, 0, 0, 40),
(937, '2023-11-21', 37, 0, 5, 0, 0, 40),
(938, '2023-11-21', 38, 0, 5, 0, 0, 40),
(939, '2023-11-21', 39, 0, 5, 0, 0, 40),
(940, '2023-11-22', 40, 0, 5, 0, 0, 40),
(941, '2023-11-22', 41, 0, 5, 0, 0, 40),
(942, '2023-11-23', 42, 0, 5, 0, 0, 40),
(943, '2023-11-23', 43, 0, 5, 0, 0, 40),
(944, '2023-11-24', 44, 0, 5, 0, 0, 40),
(945, '2023-11-25', 45, 0, 5, 0, 0, 40),
(946, '2023-11-25', 46, 0, 5, 0, 0, 40),
(947, '2023-11-28', 47, 0, 5, 0, 0, 40),
(948, '2023-11-28', 48, 0, 5, 0, 0, 40),
(949, '2023-11-29', 49, 0, 5, 0, 0, 40),
(950, '2023-11-30', 50, 0, 5, 0, 0, 40),
(951, '2023-12-01', 51, 0, 5, 0, 0, 40),
(952, '2023-12-01', 52, 0, 5, 0, 0, 40),
(953, '2023-12-01', 53, 0, 5, 0, 0, 40),
(954, '2023-12-02', 54, 0, 5, 0, 0, 40),
(955, '2023-12-02', 55, 0, 5, 0, 0, 40),
(956, '2023-12-02', 56, 0, 5, 0, 0, 40),
(957, '2023-12-05', 57, 0, 5, 0, 0, 40),
(958, '2023-12-05', 58, 0, 5, 0, 0, 40),
(959, '2023-12-05', 59, 0, 5, 0, 0, 40),
(960, '2023-12-05', 60, 0, 5, 0, 0, 40),
(961, '2023-12-06', 61, 0, 5, 0, 0, 40),
(962, '2023-12-06', 62, 0, 5, 0, 0, 40),
(963, '2023-12-06', 63, 0, 5, 0, 0, 40),
(964, '2023-12-07', 64, 0, 5, 0, 0, 40),
(965, '2023-12-07', 65, 0, 5, 0, 0, 40),
(966, '2023-12-07', 66, 0, 5, 0, 0, 40),
(967, '2023-12-10', 67, 0, 5, 0, 0, 40),
(968, '2023-12-11', 68, 0, 5, 0, 0, 40),
(969, '2023-12-11', 69, 0, 5, 0, 0, 40),
(970, '2023-12-12', 70, 0, 5, 0, 0, 40),
(971, '2023-12-13', 71, 0, 5, 0, 0, 40),
(972, '2023-12-13', 72, 0, 5, 0, 0, 40),
(973, '2023-12-14', 73, 0, 5, 0, 0, 40),
(974, '2023-12-14', 74, 0, 5, 0, 0, 40),
(975, '2023-12-15', 75, 0, 5, 0, 0, 40),
(976, '2023-12-15', 76, 0, 5, 0, 0, 40),
(977, '2023-12-16', 77, 0, 5, 0, 0, 40),
(978, '2023-12-18', 78, 0, 5, 0, 0, 40),
(979, '2023-12-18', 79, 0, 5, 0, 0, 40),
(980, '2023-12-19', 80, 0, 5, 0, 0, 40),
(981, '2023-12-19', 81, 0, 5, 0, 0, 40),
(982, '2023-12-20', 82, 0, 5, 0, 0, 40),
(983, '2023-12-21', 83, 0, 5, 0, 0, 40),
(984, '2023-12-23', 84, 0, 5, 0, 0, 40),
(985, '2023-12-23', 85, 0, 5, 0, 0, 40),
(986, '2023-12-24', 86, 0, 5, 0, 0, 40),
(987, '2023-12-24', 87, 0, 5, 0, 0, 40),
(988, '2023-12-26', 88, 0, 5, 0, 0, 40),
(989, '2023-12-26', 89, 0, 5, 0, 0, 40),
(990, '2023-12-27', 90, 0, 5, 0, 0, 40),
(991, '2023-12-27', 91, 0, 5, 0, 0, 40),
(992, '2023-12-28', 92, 0, 5, 0, 0, 40),
(993, '2023-12-28', 93, 10, 0, 0, 0, 80),
(994, '2023-12-28', 94, 10, 0, 0, 0, 80),
(995, '2023-12-28', 95, 10, 0, 0, 0, 80),
(996, '2023-12-29', 96, 10, 0, 0, 0, 80),
(997, '2023-12-29', 97, 10, 0, 0, 0, 80),
(998, '2023-12-30', 98, 10, 0, 0, 0, 80),
(999, '2023-12-30', 99, 10, 0, 0, 0, 80),
(1000, '2023-12-30', 100, 10, 0, 0, 0, 80),
(1004, '2024-02-20', 2, 1, 1, 1, 1, 31),
(1005, '2024-02-20', 4, 1, 1, 1, 1, 31),
(1006, '2024-03-23', 1, 2, 0, 0, 0, 16),
(1007, '2024-03-25', 2, 0, 0, 0, 10, 100),
(1008, '2024-03-25', 2, 0, 0, 10, 10, 150);

-- --------------------------------------------------------

--
-- Table structure for table `orderservice`
--

CREATE TABLE `orderservice` (
  `OrderService_Id` int(11) NOT NULL,
  `OrderService_Date` date NOT NULL,
  `Member_Id` int(11) NOT NULL,
  `ServiceProduct_Name` varchar(999) NOT NULL,
  `Bucket_Service` double NOT NULL,
  `Total_Service` double NOT NULL
) ENGINE=InnoDB DEFAULT CHARSET=utf8 COLLATE=utf8_general_ci;

--
-- Dumping data for table `orderservice`
--

INSERT INTO `orderservice` (`OrderService_Id`, `OrderService_Date`, `Member_Id`, `ServiceProduct_Name`, `Bucket_Service`, `Total_Service`) VALUES
(1, '2022-01-02', 1, 'คัด/ฝัดเมล็ดข้าว และ อบข้าว', 26, 338),
(2, '2022-01-03', 2, 'สีข้าว', 40, 0),
(3, '2022-01-03', 3, 'อบข้าว', 91, 910),
(4, '2022-01-03', 4, 'สีข้าว และ อบข้าว', 72, 720),
(5, '2022-01-03', 5, 'สีข้าว และ อบข้าว', 32, 320),
(6, '2022-01-04', 6, 'สีข้าว และ คัด/ฝัดเมล็ดข้าว และ อบข้าว', 75, 975),
(7, '2022-01-07', 7, 'สีข้าว และ อบข้าว', 18, 180),
(8, '2022-01-08', 8, 'สีข้าว และ อบข้าว', 77, 770),
(9, '2022-01-08', 9, 'คัด/ฝัดเมล็ดข้าว และ อบข้าว', 33, 429),
(10, '2022-01-09', 10, 'สีข้าว และ คัด/ฝัดเมล็ดข้าว', 87, 261),
(11, '2022-01-09', 11, 'อบข้าว', 93, 930),
(12, '2022-01-10', 12, 'สีข้าว และ คัด/ฝัดเมล็ดข้าว และ อบข้าว', 46, 598),
(13, '2022-01-12', 13, 'สีข้าว และ อบข้าว', 18, 180),
(14, '2022-01-13', 14, 'อบข้าว', 20, 200),
(15, '2022-01-13', 15, 'สีข้าว และ คัด/ฝัดเมล็ดข้าว', 100, 300),
(16, '2022-01-14', 16, 'สีข้าว และ คัด/ฝัดเมล็ดข้าว', 45, 135),
(17, '2022-01-14', 17, 'สีข้าว', 21, 0),
(18, '2022-01-15', 18, 'อบข้าว', 51, 510),
(19, '2022-01-17', 19, 'สีข้าว และ คัด/ฝัดเมล็ดข้าว', 92, 276),
(20, '2022-01-17', 20, 'สีข้าว และ คัด/ฝัดเมล็ดข้าว และ อบข้าว', 95, 1235),
(21, '2022-01-19', 21, 'อบข้าว', 78, 780),
(22, '2022-01-21', 22, 'คัด/ฝัดเมล็ดข้าว และ อบข้าว', 67, 871),
(23, '2022-01-24', 23, 'สีข้าว และ คัด/ฝัดเมล็ดข้าว และ อบข้าว', 34, 442),
(24, '2022-01-26', 24, 'สีข้าว', 32, 0),
(25, '2022-01-27', 25, 'สีข้าว และ คัด/ฝัดเมล็ดข้าว', 95, 285),
(26, '2022-01-29', 26, 'สีข้าว และ อบข้าว', 69, 690),
(27, '2022-01-30', 27, 'คัด/ฝัดเมล็ดข้าว และ อบข้าว', 25, 325),
(28, '2022-01-31', 28, 'อบข้าว', 86, 860),
(29, '2022-02-02', 29, 'สีข้าว และ คัด/ฝัดเมล็ดข้าว', 93, 279),
(30, '2022-02-02', 30, 'สีข้าว', 49, 0),
(31, '2022-02-02', 31, 'คัด/ฝัดเมล็ดข้าว และ อบข้าว', 77, 1001),
(32, '2022-02-02', 32, 'สีข้าว และ อบข้าว', 71, 710),
(33, '2022-02-03', 33, 'คัด/ฝัดเมล็ดข้าว', 20, 60),
(34, '2022-02-03', 34, 'คัด/ฝัดเมล็ดข้าว และ อบข้าว', 34, 442),
(35, '2022-02-04', 35, 'คัด/ฝัดเมล็ดข้าว และ อบข้าว', 60, 780),
(36, '2022-02-04', 36, 'สีข้าว และ อบข้าว', 78, 780),
(37, '2022-02-06', 37, 'สีข้าว', 99, 0),
(38, '2022-02-07', 38, 'อบข้าว', 14, 140),
(39, '2022-02-07', 39, 'สีข้าว และ อบข้าว', 77, 770),
(40, '2022-02-08', 40, 'สีข้าว และ อบข้าว', 92, 920),
(41, '2022-02-09', 41, 'คัด/ฝัดเมล็ดข้าว และ อบข้าว', 89, 1157),
(42, '2022-02-09', 42, 'สีข้าว', 86, 0),
(43, '2022-02-10', 43, 'อบข้าว', 89, 890),
(44, '2022-02-11', 44, 'คัด/ฝัดเมล็ดข้าว และ อบข้าว', 94, 1222),
(45, '2022-02-11', 45, 'สีข้าว และ คัด/ฝัดเมล็ดข้าว และ อบข้าว', 21, 273),
(46, '2022-02-12', 46, 'คัด/ฝัดเมล็ดข้าว', 44, 132),
(47, '2022-02-12', 47, 'คัด/ฝัดเมล็ดข้าว', 63, 189),
(48, '2022-02-12', 48, 'คัด/ฝัดเมล็ดข้าว', 12, 36),
(49, '2022-02-14', 49, 'สีข้าว และ คัด/ฝัดเมล็ดข้าว', 75, 225),
(50, '2022-02-17', 50, 'คัด/ฝัดเมล็ดข้าว', 21, 63),
(51, '2022-02-19', 51, 'คัด/ฝัดเมล็ดข้าว', 33, 99),
(52, '2022-02-20', 52, 'อบข้าว', 59, 590),
(53, '2022-02-20', 53, 'คัด/ฝัดเมล็ดข้าว และ อบข้าว', 39, 507),
(54, '2022-02-21', 54, 'สีข้าว และ คัด/ฝัดเมล็ดข้าว และ อบข้าว', 93, 1209),
(55, '2022-02-21', 55, 'คัด/ฝัดเมล็ดข้าว', 85, 255),
(56, '2022-02-22', 56, 'สีข้าว และ คัด/ฝัดเมล็ดข้าว และ อบข้าว', 24, 312),
(57, '2022-02-22', 57, 'อบข้าว', 85, 850),
(58, '2022-02-23', 58, 'คัด/ฝัดเมล็ดข้าว และ อบข้าว', 68, 884),
(59, '2022-02-24', 59, 'สีข้าว', 14, 0),
(60, '2022-02-24', 60, 'คัด/ฝัดเมล็ดข้าว', 51, 153),
(61, '2022-02-25', 61, 'สีข้าว', 43, 0),
(62, '2022-02-26', 62, 'คัด/ฝัดเมล็ดข้าว และ อบข้าว', 27, 351),
(63, '2022-02-26', 63, 'สีข้าว และ อบข้าว', 55, 550),
(64, '2022-02-27', 64, 'อบข้าว', 88, 880),
(65, '2022-02-27', 65, 'คัด/ฝัดเมล็ดข้าว และ อบข้าว', 53, 689),
(66, '2022-02-28', 66, 'คัด/ฝัดเมล็ดข้าว และ อบข้าว', 63, 819),
(67, '2022-02-28', 67, 'อบข้าว', 98, 980),
(68, '2022-03-01', 68, 'สีข้าว และ คัด/ฝัดเมล็ดข้าว', 98, 294),
(69, '2022-03-01', 69, 'อบข้าว', 39, 390),
(70, '2022-03-01', 70, 'อบข้าว', 85, 850),
(71, '2022-03-01', 71, 'สีข้าว และ คัด/ฝัดเมล็ดข้าว และ อบข้าว', 63, 819),
(72, '2022-03-01', 72, 'สีข้าว และ คัด/ฝัดเมล็ดข้าว และ อบข้าว', 59, 767),
(73, '2022-03-02', 73, 'สีข้าว และ คัด/ฝัดเมล็ดข้าว', 43, 129),
(74, '2022-03-02', 74, 'สีข้าว และ คัด/ฝัดเมล็ดข้าว และ อบข้าว', 94, 1222),
(75, '2022-03-03', 75, 'สีข้าว และ อบข้าว', 87, 870),
(76, '2022-03-03', 76, 'สีข้าว และ คัด/ฝัดเมล็ดข้าว และ อบข้าว', 62, 806),
(77, '2022-03-04', 77, 'สีข้าว และ คัด/ฝัดเมล็ดข้าว และ อบข้าว', 69, 897),
(78, '2022-03-05', 78, 'คัด/ฝัดเมล็ดข้าว และ อบข้าว', 75, 975),
(79, '2022-03-05', 79, 'สีข้าว และ คัด/ฝัดเมล็ดข้าว', 44, 132),
(80, '2022-03-06', 80, 'สีข้าว และ อบข้าว', 14, 140),
(81, '2022-03-06', 81, 'สีข้าว และ คัด/ฝัดเมล็ดข้าว', 19, 57),
(82, '2022-03-07', 82, 'สีข้าว', 15, 0),
(83, '2022-03-07', 83, 'สีข้าว', 54, 0),
(84, '2022-03-08', 84, 'สีข้าว และ อบข้าว', 22, 220),
(85, '2022-03-10', 85, 'สีข้าว และ คัด/ฝัดเมล็ดข้าว', 25, 75),
(86, '2022-03-11', 86, 'คัด/ฝัดเมล็ดข้าว', 36, 108),
(87, '2022-03-11', 87, 'สีข้าว', 36, 0),
(88, '2022-03-12', 88, 'สีข้าว และ อบข้าว', 40, 400),
(89, '2022-03-12', 89, 'สีข้าว และ คัด/ฝัดเมล็ดข้าว และ อบข้าว', 21, 273),
(90, '2022-03-12', 90, 'คัด/ฝัดเมล็ดข้าว', 96, 288),
(91, '2022-03-13', 91, 'คัด/ฝัดเมล็ดข้าว และ อบข้าว', 90, 1170),
(92, '2022-03-13', 92, 'สีข้าว', 81, 0),
(93, '2022-03-14', 93, 'สีข้าว และ คัด/ฝัดเมล็ดข้าว และ อบข้าว', 90, 1170),
(94, '2022-03-15', 94, 'สีข้าว', 76, 0),
(95, '2022-03-17', 95, 'สีข้าว และ คัด/ฝัดเมล็ดข้าว และ อบข้าว', 57, 741),
(96, '2022-03-18', 96, 'อบข้าว', 49, 490),
(97, '2022-03-20', 97, 'สีข้าว และ คัด/ฝัดเมล็ดข้าว', 37, 111),
(98, '2022-03-21', 98, 'สีข้าว และ คัด/ฝัดเมล็ดข้าว', 71, 213),
(99, '2022-03-22', 99, 'คัด/ฝัดเมล็ดข้าว และ อบข้าว', 49, 637),
(100, '2022-03-22', 100, 'อบข้าว', 16, 160),
(101, '2022-03-22', 101, 'คัด/ฝัดเมล็ดข้าว', 18, 54),
(102, '2022-03-23', 102, 'คัด/ฝัดเมล็ดข้าว และ อบข้าว', 88, 1144),
(103, '2022-03-23', 103, 'สีข้าว และ คัด/ฝัดเมล็ดข้าว และ อบข้าว', 97, 1261),
(104, '2022-03-23', 104, 'อบข้าว', 77, 770),
(105, '2022-03-23', 105, 'คัด/ฝัดเมล็ดข้าว', 15, 45),
(106, '2022-03-24', 106, 'คัด/ฝัดเมล็ดข้าว', 64, 192),
(107, '2022-03-24', 107, 'สีข้าว และ คัด/ฝัดเมล็ดข้าว และ อบข้าว', 57, 741),
(108, '2022-03-26', 108, 'สีข้าว', 58, 0),
(109, '2022-03-26', 109, 'สีข้าว และ คัด/ฝัดเมล็ดข้าว', 38, 114),
(110, '2022-03-26', 110, 'สีข้าว และ คัด/ฝัดเมล็ดข้าว และ อบข้าว', 26, 338),
(111, '2022-03-27', 111, 'สีข้าว และ อบข้าว', 24, 240),
(112, '2022-03-28', 112, 'คัด/ฝัดเมล็ดข้าว', 48, 144),
(113, '2022-03-29', 113, 'สีข้าว', 59, 0),
(114, '2022-03-30', 114, 'สีข้าว และ คัด/ฝัดเมล็ดข้าว และ อบข้าว', 95, 1235),
(115, '2022-03-30', 115, 'สีข้าว และ อบข้าว', 18, 180),
(116, '2022-03-31', 116, 'สีข้าว และ คัด/ฝัดเมล็ดข้าว และ อบข้าว', 60, 780),
(117, '2022-03-31', 117, 'สีข้าว และ คัด/ฝัดเมล็ดข้าว และ อบข้าว', 35, 455),
(118, '2022-03-31', 118, 'สีข้าว', 37, 0),
(119, '2022-04-01', 119, 'สีข้าว และ อบข้าว', 79, 790),
(120, '2022-04-01', 120, 'คัด/ฝัดเมล็ดข้าว และ อบข้าว', 36, 468),
(121, '2022-04-02', 121, 'สีข้าว', 17, 0),
(122, '2022-04-03', 122, 'สีข้าว และ อบข้าว', 99, 990),
(123, '2022-04-03', 123, 'คัด/ฝัดเมล็ดข้าว', 51, 153),
(124, '2022-04-05', 124, 'คัด/ฝัดเมล็ดข้าว', 32, 96),
(125, '2022-04-05', 125, 'สีข้าว', 35, 0),
(126, '2022-04-05', 126, 'สีข้าว และ คัด/ฝัดเมล็ดข้าว', 35, 105),
(127, '2022-04-05', 127, 'อบข้าว', 71, 710),
(128, '2022-04-07', 128, 'คัด/ฝัดเมล็ดข้าว และ อบข้าว', 43, 559),
(129, '2022-04-08', 129, 'อบข้าว', 73, 730),
(130, '2022-04-09', 130, 'คัด/ฝัดเมล็ดข้าว', 82, 246),
(131, '2022-04-09', 131, 'สีข้าว และ อบข้าว', 40, 400),
(132, '2022-04-10', 132, 'สีข้าว และ อบข้าว', 70, 700),
(133, '2022-04-10', 133, 'สีข้าว และ คัด/ฝัดเมล็ดข้าว', 12, 36),
(134, '2022-04-11', 134, 'สีข้าว', 90, 0),
(135, '2022-04-11', 135, 'อบข้าว', 60, 600),
(136, '2022-04-13', 136, 'สีข้าว และ อบข้าว', 18, 180),
(137, '2022-04-13', 137, 'คัด/ฝัดเมล็ดข้าว และ อบข้าว', 70, 910),
(138, '2022-04-13', 138, 'อบข้าว', 70, 700),
(139, '2022-04-13', 139, 'สีข้าว และ อบข้าว', 23, 230),
(140, '2022-04-13', 140, 'คัด/ฝัดเมล็ดข้าว', 74, 222),
(141, '2022-04-14', 141, 'คัด/ฝัดเมล็ดข้าว', 43, 129),
(142, '2022-04-14', 142, 'สีข้าว และ คัด/ฝัดเมล็ดข้าว และ อบข้าว', 58, 754),
(143, '2022-04-14', 143, 'สีข้าว และ อบข้าว', 58, 580),
(144, '2022-04-15', 144, 'สีข้าว', 70, 0),
(145, '2022-04-15', 145, 'อบข้าว', 98, 980),
(146, '2022-04-16', 146, 'สีข้าว และ คัด/ฝัดเมล็ดข้าว และ อบข้าว', 13, 169),
(147, '2022-04-16', 147, 'สีข้าว', 42, 0),
(148, '2022-04-17', 148, 'อบข้าว', 97, 970),
(149, '2022-04-20', 149, 'สีข้าว และ อบข้าว', 28, 280),
(150, '2022-04-20', 150, 'สีข้าว', 98, 0),
(151, '2022-04-21', 151, 'สีข้าว และ คัด/ฝัดเมล็ดข้าว', 89, 267),
(152, '2022-04-21', 152, 'สีข้าว และ อบข้าว', 64, 640),
(153, '2022-04-21', 153, 'อบข้าว', 82, 820),
(154, '2022-04-23', 154, 'อบข้าว', 61, 610),
(155, '2022-04-23', 155, 'สีข้าว และ คัด/ฝัดเมล็ดข้าว', 39, 117),
(156, '2022-04-23', 156, 'คัด/ฝัดเมล็ดข้าว', 28, 84),
(157, '2022-04-23', 157, 'สีข้าว และ คัด/ฝัดเมล็ดข้าว และ อบข้าว', 51, 663),
(158, '2022-04-24', 158, 'สีข้าว และ คัด/ฝัดเมล็ดข้าว และ อบข้าว', 22, 286),
(159, '2022-04-25', 159, 'คัด/ฝัดเมล็ดข้าว', 21, 63),
(160, '2022-04-25', 160, 'สีข้าว และ อบข้าว', 95, 950),
(161, '2022-04-27', 161, 'สีข้าว และ คัด/ฝัดเมล็ดข้าว', 25, 75),
(162, '2022-04-28', 162, 'สีข้าว และ คัด/ฝัดเมล็ดข้าว และ อบข้าว', 97, 1261),
(163, '2022-05-01', 163, 'สีข้าว', 42, 0),
(164, '2022-05-02', 164, 'สีข้าว', 55, 0),
(165, '2022-05-02', 165, 'คัด/ฝัดเมล็ดข้าว และ อบข้าว', 28, 364),
(166, '2022-05-03', 166, 'สีข้าว และ อบข้าว', 39, 390),
(167, '2022-05-03', 167, 'สีข้าว และ คัด/ฝัดเมล็ดข้าว', 15, 45),
(168, '2022-05-04', 168, 'อบข้าว', 87, 870),
(169, '2022-05-05', 169, 'สีข้าว และ อบข้าว', 47, 470),
(170, '2022-05-05', 170, 'สีข้าว และ อบข้าว', 34, 340),
(171, '2022-05-07', 171, 'สีข้าว', 44, 0),
(172, '2022-05-08', 172, 'สีข้าว และ อบข้าว', 92, 920),
(173, '2022-05-08', 173, 'สีข้าว และ คัด/ฝัดเมล็ดข้าว', 29, 87),
(174, '2022-05-10', 174, 'อบข้าว', 50, 500),
(175, '2022-05-11', 175, 'สีข้าว และ คัด/ฝัดเมล็ดข้าว และ อบข้าว', 11, 143),
(176, '2022-05-11', 176, 'สีข้าว', 12, 0),
(177, '2022-05-13', 177, 'สีข้าว และ คัด/ฝัดเมล็ดข้าว', 74, 222),
(178, '2022-05-13', 178, 'สีข้าว และ คัด/ฝัดเมล็ดข้าว และ อบข้าว', 41, 533),
(179, '2022-05-15', 179, 'คัด/ฝัดเมล็ดข้าว', 45, 135),
(180, '2022-05-16', 180, 'อบข้าว', 47, 470),
(181, '2022-05-17', 181, 'สีข้าว', 65, 0),
(182, '2022-05-17', 182, 'คัด/ฝัดเมล็ดข้าว และ อบข้าว', 40, 520),
(183, '2022-05-20', 183, 'สีข้าว และ คัด/ฝัดเมล็ดข้าว', 67, 201),
(184, '2022-05-21', 184, 'คัด/ฝัดเมล็ดข้าว และ อบข้าว', 89, 1157),
(185, '2022-05-21', 185, 'อบข้าว', 83, 830),
(186, '2022-05-22', 186, 'คัด/ฝัดเมล็ดข้าว', 21, 63),
(187, '2022-05-22', 187, 'คัด/ฝัดเมล็ดข้าว', 64, 192),
(188, '2022-05-23', 188, 'สีข้าว และ อบข้าว', 86, 860),
(189, '2022-05-24', 189, 'สีข้าว และ อบข้าว', 70, 700),
(190, '2022-05-24', 190, 'สีข้าว', 80, 0),
(191, '2022-05-25', 191, 'สีข้าว และ คัด/ฝัดเมล็ดข้าว และ อบข้าว', 20, 260),
(192, '2022-05-26', 192, 'คัด/ฝัดเมล็ดข้าว', 68, 204),
(193, '2022-05-26', 193, 'สีข้าว', 93, 0),
(194, '2022-05-27', 194, 'สีข้าว และ คัด/ฝัดเมล็ดข้าว และ อบข้าว', 82, 1066),
(195, '2022-05-27', 195, 'สีข้าว', 40, 0),
(196, '2022-05-28', 196, 'คัด/ฝัดเมล็ดข้าว', 80, 240),
(197, '2022-05-28', 197, 'สีข้าว', 30, 0),
(198, '2022-05-28', 198, 'คัด/ฝัดเมล็ดข้าว และ อบข้าว', 42, 546),
(199, '2022-05-31', 199, 'สีข้าว และ อบข้าว', 31, 310),
(200, '2022-06-01', 200, 'คัด/ฝัดเมล็ดข้าว', 49, 147),
(201, '2022-06-01', 201, 'สีข้าว และ คัด/ฝัดเมล็ดข้าว และ อบข้าว', 73, 949),
(202, '2022-06-02', 202, 'คัด/ฝัดเมล็ดข้าว', 45, 135),
(203, '2022-06-02', 203, 'สีข้าว และ อบข้าว', 48, 480),
(204, '2022-06-03', 204, 'สีข้าว และ คัด/ฝัดเมล็ดข้าว และ อบข้าว', 61, 793),
(205, '2022-06-04', 205, 'สีข้าว และ อบข้าว', 98, 980),
(206, '2022-06-06', 206, 'สีข้าว', 16, 0),
(207, '2022-06-06', 207, 'สีข้าว และ อบข้าว', 32, 320),
(208, '2022-06-07', 208, 'สีข้าว และ อบข้าว', 11, 110),
(209, '2022-06-07', 209, 'คัด/ฝัดเมล็ดข้าว และ อบข้าว', 37, 481),
(210, '2022-06-10', 210, 'คัด/ฝัดเมล็ดข้าว และ อบข้าว', 22, 286),
(211, '2022-06-13', 211, 'สีข้าว และ อบข้าว', 60, 600),
(212, '2022-06-13', 212, 'คัด/ฝัดเมล็ดข้าว', 19, 57),
(213, '2022-06-14', 213, 'สีข้าว และ อบข้าว', 53, 530),
(214, '2022-06-14', 214, 'คัด/ฝัดเมล็ดข้าว และ อบข้าว', 28, 364),
(215, '2022-06-14', 215, 'สีข้าว และ คัด/ฝัดเมล็ดข้าว', 42, 126),
(216, '2022-06-15', 216, 'คัด/ฝัดเมล็ดข้าว และ อบข้าว', 68, 884),
(217, '2022-06-16', 217, 'คัด/ฝัดเมล็ดข้าว และ อบข้าว', 42, 546),
(218, '2022-06-17', 218, 'สีข้าว และ คัด/ฝัดเมล็ดข้าว', 42, 126),
(219, '2022-06-17', 219, 'อบข้าว', 13, 130),
(220, '2022-06-18', 220, 'คัด/ฝัดเมล็ดข้าว และ อบข้าว', 19, 247),
(221, '2022-06-18', 221, 'สีข้าว และ คัด/ฝัดเมล็ดข้าว และ อบข้าว', 62, 806),
(222, '2022-06-19', 222, 'สีข้าว และ คัด/ฝัดเมล็ดข้าว และ อบข้าว', 83, 1079),
(223, '2022-06-20', 223, 'อบข้าว', 56, 560),
(224, '2022-06-20', 224, 'สีข้าว และ คัด/ฝัดเมล็ดข้าว และ อบข้าว', 53, 689),
(225, '2022-06-22', 225, 'คัด/ฝัดเมล็ดข้าว และ อบข้าว', 75, 975),
(226, '2022-06-22', 226, 'สีข้าว', 64, 0),
(227, '2022-06-22', 227, 'สีข้าว', 42, 0),
(228, '2022-06-22', 228, 'คัด/ฝัดเมล็ดข้าว', 73, 219),
(229, '2022-06-23', 229, 'อบข้าว', 33, 330),
(230, '2022-06-23', 230, 'อบข้าว', 93, 930),
(231, '2022-06-25', 231, 'คัด/ฝัดเมล็ดข้าว', 65, 195),
(232, '2022-06-25', 232, 'สีข้าว และ คัด/ฝัดเมล็ดข้าว และ อบข้าว', 18, 234),
(233, '2022-06-26', 233, 'คัด/ฝัดเมล็ดข้าว และ อบข้าว', 83, 1079),
(234, '2022-06-26', 234, 'สีข้าว และ คัด/ฝัดเมล็ดข้าว', 79, 237),
(235, '2022-06-26', 235, 'สีข้าว และ คัด/ฝัดเมล็ดข้าว และ อบข้าว', 99, 1287),
(236, '2022-06-26', 236, 'สีข้าว', 29, 0),
(237, '2022-06-28', 237, 'สีข้าว', 38, 0),
(238, '2022-06-29', 238, 'สีข้าว และ อบข้าว', 26, 260),
(239, '2022-06-29', 239, 'สีข้าว และ อบข้าว', 30, 300),
(240, '2022-06-30', 240, 'อบข้าว', 36, 360),
(241, '2022-07-01', 241, 'อบข้าว', 76, 760),
(242, '2022-07-01', 242, 'สีข้าว และ อบข้าว', 21, 210),
(243, '2022-07-02', 243, 'คัด/ฝัดเมล็ดข้าว และ อบข้าว', 81, 1053),
(244, '2022-07-03', 244, 'คัด/ฝัดเมล็ดข้าว', 53, 159),
(245, '2022-07-04', 245, 'สีข้าว และ คัด/ฝัดเมล็ดข้าว และ อบข้าว', 68, 884),
(246, '2022-07-05', 246, 'อบข้าว', 89, 890),
(247, '2022-07-05', 247, 'สีข้าว', 63, 0),
(248, '2022-07-06', 248, 'คัด/ฝัดเมล็ดข้าว และ อบข้าว', 24, 312),
(249, '2022-07-07', 249, 'สีข้าว และ คัด/ฝัดเมล็ดข้าว และ อบข้าว', 13, 169),
(250, '2022-07-07', 250, 'สีข้าว และ คัด/ฝัดเมล็ดข้าว และ อบข้าว', 56, 728),
(251, '2022-07-08', 251, 'สีข้าว และ อบข้าว', 55, 550),
(252, '2022-07-09', 252, 'สีข้าว', 97, 0),
(253, '2022-07-09', 253, 'อบข้าว', 40, 400),
(254, '2022-07-09', 254, 'สีข้าว และ อบข้าว', 13, 130),
(255, '2022-07-10', 255, 'คัด/ฝัดเมล็ดข้าว', 95, 285),
(256, '2022-07-11', 256, 'อบข้าว', 36, 360),
(257, '2022-07-12', 257, 'อบข้าว', 90, 900),
(258, '2022-07-12', 258, 'คัด/ฝัดเมล็ดข้าว', 95, 285),
(259, '2022-07-14', 259, 'สีข้าว และ คัด/ฝัดเมล็ดข้าว', 55, 165),
(260, '2022-07-14', 260, 'สีข้าว และ อบข้าว', 36, 360),
(261, '2022-07-15', 261, 'คัด/ฝัดเมล็ดข้าว และ อบข้าว', 65, 845),
(262, '2022-07-15', 262, 'สีข้าว และ อบข้าว', 28, 280),
(263, '2022-07-15', 263, 'สีข้าว', 39, 0),
(264, '2022-07-15', 264, 'คัด/ฝัดเมล็ดข้าว และ อบข้าว', 60, 780),
(265, '2022-07-16', 265, 'อบข้าว', 75, 750),
(266, '2022-07-16', 266, 'สีข้าว และ อบข้าว', 26, 260),
(267, '2022-07-17', 267, 'คัด/ฝัดเมล็ดข้าว และ อบข้าว', 28, 364),
(268, '2022-07-17', 268, 'สีข้าว และ คัด/ฝัดเมล็ดข้าว', 40, 120),
(269, '2022-07-18', 269, 'สีข้าว และ คัด/ฝัดเมล็ดข้าว', 14, 42),
(270, '2022-07-19', 270, 'สีข้าว และ คัด/ฝัดเมล็ดข้าว และ อบข้าว', 63, 819),
(271, '2022-07-20', 271, 'คัด/ฝัดเมล็ดข้าว', 95, 285),
(272, '2022-07-21', 272, 'สีข้าว และ คัด/ฝัดเมล็ดข้าว และ อบข้าว', 56, 728),
(273, '2022-07-21', 273, 'คัด/ฝัดเมล็ดข้าว และ อบข้าว', 17, 221),
(274, '2022-07-21', 274, 'คัด/ฝัดเมล็ดข้าว', 40, 120),
(275, '2022-07-22', 275, 'คัด/ฝัดเมล็ดข้าว', 64, 192),
(276, '2022-07-23', 276, 'คัด/ฝัดเมล็ดข้าว', 21, 63),
(277, '2022-07-23', 277, 'สีข้าว และ คัด/ฝัดเมล็ดข้าว และ อบข้าว', 63, 819),
(278, '2022-07-26', 278, 'คัด/ฝัดเมล็ดข้าว', 21, 63),
(279, '2022-07-27', 279, 'คัด/ฝัดเมล็ดข้าว', 46, 138),
(280, '2022-07-28', 280, 'สีข้าว และ อบข้าว', 36, 360),
(281, '2022-07-28', 281, 'คัด/ฝัดเมล็ดข้าว และ อบข้าว', 56, 728),
(282, '2022-07-28', 282, 'คัด/ฝัดเมล็ดข้าว', 42, 126),
(283, '2022-07-31', 283, 'สีข้าว', 57, 0),
(284, '2022-08-01', 284, 'คัด/ฝัดเมล็ดข้าว', 62, 186),
(285, '2022-08-02', 285, 'สีข้าว', 55, 0),
(286, '2022-08-03', 286, 'สีข้าว และ อบข้าว', 76, 760),
(287, '2022-08-05', 287, 'คัด/ฝัดเมล็ดข้าว', 34, 102),
(288, '2022-08-06', 288, 'อบข้าว', 82, 820),
(289, '2022-08-06', 289, 'อบข้าว', 47, 470),
(290, '2022-08-07', 290, 'สีข้าว และ คัด/ฝัดเมล็ดข้าว', 69, 207),
(291, '2022-08-08', 291, 'สีข้าว และ คัด/ฝัดเมล็ดข้าว', 10, 30),
(292, '2022-08-08', 292, 'คัด/ฝัดเมล็ดข้าว และ อบข้าว', 41, 533),
(293, '2022-08-08', 293, 'สีข้าว และ คัด/ฝัดเมล็ดข้าว', 26, 78),
(294, '2022-08-09', 294, 'สีข้าว และ คัด/ฝัดเมล็ดข้าว', 23, 69),
(295, '2022-08-09', 295, 'สีข้าว และ คัด/ฝัดเมล็ดข้าว และ อบข้าว', 90, 1170),
(296, '2022-08-10', 296, 'คัด/ฝัดเมล็ดข้าว', 52, 156),
(297, '2022-08-10', 297, 'อบข้าว', 12, 120),
(298, '2022-08-12', 298, 'อบข้าว', 21, 210),
(299, '2022-08-13', 299, 'คัด/ฝัดเมล็ดข้าว และ อบข้าว', 59, 767),
(300, '2022-08-13', 300, 'อบข้าว', 14, 140),
(301, '2022-08-13', 1, 'สีข้าว', 64, 0),
(302, '2022-08-14', 2, 'สีข้าว และ คัด/ฝัดเมล็ดข้าว', 16, 48),
(303, '2022-08-15', 3, 'อบข้าว', 11, 110),
(304, '2022-08-15', 4, 'สีข้าว และ คัด/ฝัดเมล็ดข้าว และ อบข้าว', 58, 754),
(305, '2022-08-16', 5, 'สีข้าว และ คัด/ฝัดเมล็ดข้าว และ อบข้าว', 33, 429),
(306, '2022-08-17', 6, 'สีข้าว และ อบข้าว', 36, 360),
(307, '2022-08-17', 7, 'สีข้าว และ อบข้าว', 25, 250),
(308, '2022-08-17', 8, 'คัด/ฝัดเมล็ดข้าว และ อบข้าว', 96, 1248),
(309, '2022-08-17', 9, 'อบข้าว', 63, 630),
(310, '2022-08-17', 10, 'สีข้าว และ คัด/ฝัดเมล็ดข้าว', 25, 75),
(311, '2022-08-17', 11, 'สีข้าว', 16, 0),
(312, '2022-08-18', 12, 'สีข้าว และ อบข้าว', 47, 470),
(313, '2022-08-18', 13, 'สีข้าว', 29, 0),
(314, '2022-08-19', 14, 'สีข้าว', 39, 0),
(315, '2022-08-19', 15, 'สีข้าว และ อบข้าว', 97, 970),
(316, '2022-08-19', 16, 'อบข้าว', 30, 300),
(317, '2022-08-22', 17, 'คัด/ฝัดเมล็ดข้าว', 76, 228),
(318, '2022-08-24', 18, 'สีข้าว', 28, 0),
(319, '2022-08-24', 19, 'สีข้าว และ คัด/ฝัดเมล็ดข้าว', 61, 183),
(320, '2022-08-25', 20, 'สีข้าว และ คัด/ฝัดเมล็ดข้าว และ อบข้าว', 46, 598),
(321, '2022-08-25', 21, 'สีข้าว', 69, 0),
(322, '2022-08-25', 22, 'คัด/ฝัดเมล็ดข้าว และ อบข้าว', 49, 637),
(323, '2022-08-27', 23, 'สีข้าว และ คัด/ฝัดเมล็ดข้าว และ อบข้าว', 34, 442),
(324, '2022-08-28', 24, 'คัด/ฝัดเมล็ดข้าว และ อบข้าว', 69, 897),
(325, '2022-08-28', 25, 'คัด/ฝัดเมล็ดข้าว และ อบข้าว', 18, 234),
(326, '2022-08-28', 26, 'สีข้าว และ คัด/ฝัดเมล็ดข้าว', 99, 297),
(327, '2022-08-28', 27, 'อบข้าว', 99, 990),
(328, '2022-08-29', 28, 'สีข้าว', 99, 0),
(329, '2022-08-29', 29, 'สีข้าว', 10, 0),
(330, '2022-08-30', 30, 'สีข้าว และ คัด/ฝัดเมล็ดข้าว', 49, 147),
(331, '2022-08-30', 31, 'คัด/ฝัดเมล็ดข้าว', 97, 291),
(332, '2022-08-30', 32, 'สีข้าว และ คัด/ฝัดเมล็ดข้าว', 96, 288),
(333, '2022-08-30', 33, 'คัด/ฝัดเมล็ดข้าว', 53, 159),
(334, '2022-08-31', 34, 'คัด/ฝัดเมล็ดข้าว', 38, 114),
(335, '2022-08-31', 35, 'คัด/ฝัดเมล็ดข้าว และ อบข้าว', 29, 377),
(336, '2022-09-02', 36, 'สีข้าว และ คัด/ฝัดเมล็ดข้าว และ อบข้าว', 77, 1001),
(337, '2022-09-03', 37, 'สีข้าว', 80, 0),
(338, '2022-09-03', 38, 'สีข้าว และ คัด/ฝัดเมล็ดข้าว และ อบข้าว', 78, 1014),
(339, '2022-09-04', 39, 'อบข้าว', 32, 320),
(340, '2022-09-04', 40, 'อบข้าว', 42, 420),
(341, '2022-09-04', 41, 'สีข้าว และ คัด/ฝัดเมล็ดข้าว', 12, 36),
(342, '2022-09-05', 42, 'สีข้าว', 35, 0),
(343, '2022-09-06', 43, 'คัด/ฝัดเมล็ดข้าว และ อบข้าว', 14, 182),
(344, '2022-09-06', 44, 'คัด/ฝัดเมล็ดข้าว และ อบข้าว', 15, 195),
(345, '2022-09-06', 45, 'สีข้าว และ คัด/ฝัดเมล็ดข้าว', 34, 102),
(346, '2022-09-06', 46, 'สีข้าว และ คัด/ฝัดเมล็ดข้าว', 39, 117),
(347, '2022-09-06', 47, 'สีข้าว และ อบข้าว', 86, 860),
(348, '2022-09-08', 48, 'คัด/ฝัดเมล็ดข้าว', 33, 99),
(349, '2022-09-09', 49, 'อบข้าว', 100, 1000),
(350, '2022-09-10', 50, 'อบข้าว', 50, 500),
(351, '2022-09-10', 51, 'อบข้าว', 28, 280),
(352, '2022-09-10', 52, 'สีข้าว และ อบข้าว', 13, 130),
(353, '2022-09-13', 53, 'สีข้าว และ อบข้าว', 14, 140),
(354, '2022-09-14', 54, 'สีข้าว และ อบข้าว', 22, 220),
(355, '2022-09-14', 55, 'สีข้าว และ คัด/ฝัดเมล็ดข้าว และ อบข้าว', 27, 351),
(356, '2022-09-15', 56, 'สีข้าว และ คัด/ฝัดเมล็ดข้าว', 61, 183),
(357, '2022-09-15', 57, 'คัด/ฝัดเมล็ดข้าว และ อบข้าว', 46, 598),
(358, '2022-09-16', 58, 'คัด/ฝัดเมล็ดข้าว', 81, 243),
(359, '2022-09-17', 59, 'อบข้าว', 97, 970),
(360, '2022-09-18', 60, 'สีข้าว และ คัด/ฝัดเมล็ดข้าว และ อบข้าว', 49, 637),
(361, '2022-09-19', 61, 'คัด/ฝัดเมล็ดข้าว', 74, 222),
(362, '2022-09-19', 62, 'อบข้าว', 49, 490),
(363, '2022-09-19', 63, 'สีข้าว', 22, 0),
(364, '2022-09-20', 64, 'อบข้าว', 46, 460),
(365, '2022-09-21', 65, 'สีข้าว และ อบข้าว', 75, 750),
(366, '2022-09-21', 66, 'สีข้าว และ อบข้าว', 40, 400),
(367, '2022-09-22', 67, 'คัด/ฝัดเมล็ดข้าว', 15, 45),
(368, '2022-09-23', 68, 'อบข้าว', 59, 590),
(369, '2022-09-23', 69, 'สีข้าว และ อบข้าว', 64, 640),
(370, '2022-09-24', 70, 'อบข้าว', 51, 510),
(371, '2022-09-25', 71, 'สีข้าว และ อบข้าว', 14, 140),
(372, '2022-09-26', 72, 'คัด/ฝัดเมล็ดข้าว และ อบข้าว', 34, 442),
(373, '2022-09-27', 73, 'สีข้าว และ คัด/ฝัดเมล็ดข้าว', 72, 216),
(374, '2022-09-29', 74, 'สีข้าว และ คัด/ฝัดเมล็ดข้าว', 41, 123),
(375, '2022-09-29', 75, 'สีข้าว และ อบข้าว', 69, 690),
(376, '2022-10-01', 76, 'สีข้าว', 38, 0),
(377, '2022-10-01', 77, 'คัด/ฝัดเมล็ดข้าว', 91, 273),
(378, '2022-10-01', 78, 'คัด/ฝัดเมล็ดข้าว และ อบข้าว', 42, 546),
(379, '2022-10-03', 79, 'อบข้าว', 55, 550),
(380, '2022-10-05', 80, 'อบข้าว', 75, 750),
(381, '2022-10-05', 81, 'สีข้าว และ อบข้าว', 58, 580),
(382, '2022-10-07', 82, 'สีข้าว และ อบข้าว', 68, 680),
(383, '2022-10-08', 83, 'สีข้าว และ คัด/ฝัดเมล็ดข้าว', 80, 240),
(384, '2022-10-09', 84, 'สีข้าว และ คัด/ฝัดเมล็ดข้าว และ อบข้าว', 67, 871),
(385, '2022-10-10', 85, 'สีข้าว และ คัด/ฝัดเมล็ดข้าว และ อบข้าว', 62, 806),
(386, '2022-10-11', 86, 'คัด/ฝัดเมล็ดข้าว และ อบข้าว', 43, 559),
(387, '2022-10-11', 87, 'สีข้าว และ คัด/ฝัดเมล็ดข้าว', 79, 237),
(388, '2022-10-11', 88, 'คัด/ฝัดเมล็ดข้าว', 72, 216),
(389, '2022-10-11', 89, 'สีข้าว และ คัด/ฝัดเมล็ดข้าว', 48, 144),
(390, '2022-10-12', 90, 'สีข้าว', 63, 0),
(391, '2022-10-12', 91, 'อบข้าว', 25, 250),
(392, '2022-10-12', 92, 'สีข้าว และ คัด/ฝัดเมล็ดข้าว และ อบข้าว', 32, 416),
(393, '2022-10-13', 93, 'สีข้าว', 77, 0),
(394, '2022-10-16', 94, 'สีข้าว และ คัด/ฝัดเมล็ดข้าว และ อบข้าว', 32, 416),
(395, '2022-10-19', 95, 'สีข้าว และ อบข้าว', 78, 780),
(396, '2022-10-20', 96, 'คัด/ฝัดเมล็ดข้าว', 41, 123),
(397, '2022-10-21', 97, 'คัด/ฝัดเมล็ดข้าว', 34, 102),
(398, '2022-10-21', 98, 'สีข้าว', 38, 0),
(399, '2022-10-21', 99, 'สีข้าว และ อบข้าว', 18, 180),
(400, '2022-10-22', 100, 'สีข้าว', 77, 0),
(401, '2022-10-22', 101, 'อบข้าว', 50, 500),
(402, '2022-10-23', 102, 'อบข้าว', 70, 700),
(403, '2022-10-23', 103, 'คัด/ฝัดเมล็ดข้าว', 41, 123),
(404, '2022-10-25', 104, 'คัด/ฝัดเมล็ดข้าว', 68, 204),
(405, '2022-10-25', 105, 'สีข้าว และ คัด/ฝัดเมล็ดข้าว', 39, 117),
(406, '2022-10-26', 106, 'สีข้าว และ คัด/ฝัดเมล็ดข้าว', 52, 156),
(407, '2022-10-27', 107, 'สีข้าว และ คัด/ฝัดเมล็ดข้าว และ อบข้าว', 11, 143),
(408, '2022-10-27', 108, 'อบข้าว', 39, 390),
(409, '2022-10-29', 109, 'สีข้าว', 56, 0),
(410, '2022-10-29', 110, 'สีข้าว', 25, 0),
(411, '2022-10-29', 111, 'คัด/ฝัดเมล็ดข้าว และ อบข้าว', 70, 910),
(412, '2022-10-30', 112, 'อบข้าว', 31, 310),
(413, '2022-10-31', 113, 'สีข้าว และ อบข้าว', 68, 680),
(414, '2022-10-31', 114, 'อบข้าว', 39, 390),
(415, '2022-11-02', 115, 'คัด/ฝัดเมล็ดข้าว', 20, 60),
(416, '2022-11-02', 116, 'สีข้าว และ คัด/ฝัดเมล็ดข้าว', 74, 222),
(417, '2022-11-02', 117, 'สีข้าว และ คัด/ฝัดเมล็ดข้าว และ อบข้าว', 89, 1157),
(418, '2022-11-03', 118, 'อบข้าว', 90, 900),
(419, '2022-11-03', 119, 'สีข้าว', 15, 0),
(420, '2022-11-04', 120, 'คัด/ฝัดเมล็ดข้าว', 34, 102),
(421, '2022-11-04', 121, 'สีข้าว และ อบข้าว', 49, 490),
(422, '2022-11-04', 122, 'คัด/ฝัดเมล็ดข้าว และ อบข้าว', 25, 325),
(423, '2022-11-05', 123, 'สีข้าว', 20, 0),
(424, '2022-11-05', 124, 'สีข้าว และ อบข้าว', 88, 880),
(425, '2022-11-05', 125, 'คัด/ฝัดเมล็ดข้าว และ อบข้าว', 30, 390),
(426, '2022-11-06', 126, 'สีข้าว และ คัด/ฝัดเมล็ดข้าว และ อบข้าว', 36, 468),
(427, '2022-11-07', 127, 'คัด/ฝัดเมล็ดข้าว และ อบข้าว', 51, 663),
(428, '2022-11-08', 128, 'สีข้าว และ คัด/ฝัดเมล็ดข้าว', 24, 72),
(429, '2022-11-08', 129, 'สีข้าว และ คัด/ฝัดเมล็ดข้าว', 65, 195),
(430, '2022-11-09', 130, 'สีข้าว และ คัด/ฝัดเมล็ดข้าว', 77, 231),
(431, '2022-11-13', 131, 'คัด/ฝัดเมล็ดข้าว', 25, 75),
(432, '2022-11-15', 132, 'คัด/ฝัดเมล็ดข้าว', 29, 87),
(433, '2022-11-15', 133, 'สีข้าว และ อบข้าว', 68, 680),
(434, '2022-11-15', 134, 'สีข้าว และ คัด/ฝัดเมล็ดข้าว และ อบข้าว', 94, 1222),
(435, '2022-11-15', 135, 'สีข้าว และ อบข้าว', 13, 130),
(436, '2022-11-16', 136, 'คัด/ฝัดเมล็ดข้าว', 100, 300),
(437, '2022-11-16', 137, 'สีข้าว', 35, 0),
(438, '2022-11-17', 138, 'สีข้าว และ คัด/ฝัดเมล็ดข้าว และ อบข้าว', 98, 1274),
(439, '2022-11-18', 139, 'สีข้าว และ คัด/ฝัดเมล็ดข้าว และ อบข้าว', 16, 208),
(440, '2022-11-20', 140, 'สีข้าว และ คัด/ฝัดเมล็ดข้าว และ อบข้าว', 25, 325),
(441, '2022-11-20', 141, 'สีข้าว และ คัด/ฝัดเมล็ดข้าว', 96, 288),
(442, '2022-11-20', 142, 'สีข้าว', 74, 0),
(443, '2022-11-21', 143, 'สีข้าว และ คัด/ฝัดเมล็ดข้าว และ อบข้าว', 32, 416),
(444, '2022-11-21', 144, 'สีข้าว และ อบข้าว', 44, 440),
(445, '2022-11-21', 145, 'สีข้าว และ คัด/ฝัดเมล็ดข้าว', 93, 279),
(446, '2022-11-22', 146, 'สีข้าว', 57, 0),
(447, '2022-11-23', 147, 'สีข้าว', 35, 0),
(448, '2022-11-23', 148, 'คัด/ฝัดเมล็ดข้าว', 54, 162),
(449, '2022-11-23', 149, 'สีข้าว และ อบข้าว', 54, 540),
(450, '2022-11-23', 150, 'สีข้าว และ อบข้าว', 82, 820),
(451, '2022-11-24', 151, 'อบข้าว', 62, 620),
(452, '2022-11-24', 152, 'สีข้าว และ อบข้าว', 69, 690),
(453, '2022-11-26', 153, 'สีข้าว และ อบข้าว', 69, 690),
(454, '2022-11-26', 154, 'สีข้าว และ คัด/ฝัดเมล็ดข้าว และ อบข้าว', 18, 234),
(455, '2022-11-27', 155, 'สีข้าว', 98, 0),
(456, '2022-11-27', 156, 'สีข้าว', 62, 0),
(457, '2022-11-28', 157, 'คัด/ฝัดเมล็ดข้าว', 22, 66),
(458, '2022-12-01', 158, 'อบข้าว', 26, 260),
(459, '2022-12-01', 159, 'คัด/ฝัดเมล็ดข้าว', 35, 105),
(460, '2022-12-01', 160, 'คัด/ฝัดเมล็ดข้าว และ อบข้าว', 79, 1027),
(461, '2022-12-01', 161, 'สีข้าว และ คัด/ฝัดเมล็ดข้าว และ อบข้าว', 95, 1235),
(462, '2022-12-01', 162, 'อบข้าว', 42, 420),
(463, '2022-12-02', 163, 'อบข้าว', 31, 310),
(464, '2022-12-02', 164, 'สีข้าว และ คัด/ฝัดเมล็ดข้าว และ อบข้าว', 83, 1079),
(465, '2022-12-02', 165, 'คัด/ฝัดเมล็ดข้าว และ อบข้าว', 45, 585),
(466, '2022-12-04', 166, 'สีข้าว และ อบข้าว', 17, 170),
(467, '2022-12-04', 167, 'คัด/ฝัดเมล็ดข้าว', 70, 210),
(468, '2022-12-06', 168, 'สีข้าว และ คัด/ฝัดเมล็ดข้าว', 64, 192),
(469, '2022-12-07', 169, 'คัด/ฝัดเมล็ดข้าว', 82, 246),
(470, '2022-12-07', 170, 'คัด/ฝัดเมล็ดข้าว และ อบข้าว', 88, 1144),
(471, '2022-12-07', 171, 'อบข้าว', 14, 140),
(472, '2022-12-09', 172, 'อบข้าว', 99, 990),
(473, '2022-12-09', 173, 'คัด/ฝัดเมล็ดข้าว', 10, 30),
(474, '2022-12-10', 174, 'อบข้าว', 44, 440),
(475, '2022-12-10', 175, 'อบข้าว', 23, 230),
(476, '2022-12-10', 176, 'คัด/ฝัดเมล็ดข้าว', 64, 192),
(477, '2022-12-11', 177, 'คัด/ฝัดเมล็ดข้าว และ อบข้าว', 32, 416),
(478, '2022-12-11', 178, 'คัด/ฝัดเมล็ดข้าว และ อบข้าว', 28, 364),
(479, '2022-12-12', 179, 'สีข้าว', 71, 0),
(480, '2022-12-12', 180, 'คัด/ฝัดเมล็ดข้าว', 100, 300),
(481, '2022-12-12', 181, 'คัด/ฝัดเมล็ดข้าว', 36, 108),
(482, '2022-12-14', 182, 'คัด/ฝัดเมล็ดข้าว', 98, 294),
(483, '2022-12-15', 183, 'สีข้าว และ อบข้าว', 81, 810),
(484, '2022-12-17', 184, 'สีข้าว และ คัด/ฝัดเมล็ดข้าว', 52, 156),
(485, '2022-12-17', 185, 'สีข้าว', 10, 0),
(486, '2022-12-18', 186, 'คัด/ฝัดเมล็ดข้าว', 87, 261),
(487, '2022-12-19', 187, 'สีข้าว และ คัด/ฝัดเมล็ดข้าว', 34, 102),
(488, '2022-12-20', 188, 'สีข้าว และ คัด/ฝัดเมล็ดข้าว', 93, 279),
(489, '2022-12-21', 189, 'คัด/ฝัดเมล็ดข้าว', 47, 141),
(490, '2022-12-21', 190, 'สีข้าว', 84, 0),
(491, '2022-12-23', 191, 'อบข้าว', 45, 450),
(492, '2022-12-23', 192, 'สีข้าว และ คัด/ฝัดเมล็ดข้าว', 57, 171),
(493, '2022-12-23', 193, 'อบข้าว', 74, 740),
(494, '2022-12-24', 194, 'คัด/ฝัดเมล็ดข้าว และ อบข้าว', 55, 715),
(495, '2022-12-24', 195, 'คัด/ฝัดเมล็ดข้าว', 93, 279),
(496, '2022-12-25', 196, 'สีข้าว และ คัด/ฝัดเมล็ดข้าว', 35, 105),
(497, '2022-12-28', 197, 'สีข้าว และ คัด/ฝัดเมล็ดข้าว และ อบข้าว', 95, 1235),
(498, '2022-12-29', 198, 'สีข้าว', 92, 0),
(499, '2022-12-29', 199, 'อบข้าว', 67, 670),
(500, '2022-12-30', 200, 'อบข้าว', 51, 510),
(501, '2022-12-30', 201, 'สีข้าว และ อบข้าว', 41, 410),
(502, '2022-12-31', 202, 'สีข้าว และ อบข้าว', 71, 710),
(503, '2023-01-01', 203, 'คัด/ฝัดเมล็ดข้าว และ อบข้าว', 82, 1066),
(504, '2023-01-01', 204, 'คัด/ฝัดเมล็ดข้าว และ อบข้าว', 81, 1053),
(505, '2023-01-01', 205, 'สีข้าว และ คัด/ฝัดเมล็ดข้าว และ อบข้าว', 32, 416),
(506, '2023-01-03', 206, 'อบข้าว', 92, 920),
(507, '2023-01-04', 207, 'อบข้าว', 39, 390),
(508, '2023-01-06', 208, 'สีข้าว และ คัด/ฝัดเมล็ดข้าว', 72, 216),
(509, '2023-01-06', 209, 'คัด/ฝัดเมล็ดข้าว', 74, 222),
(510, '2023-01-07', 210, 'สีข้าว และ อบข้าว', 72, 720),
(511, '2023-01-07', 211, 'สีข้าว และ คัด/ฝัดเมล็ดข้าว', 73, 219),
(512, '2023-01-08', 212, 'คัด/ฝัดเมล็ดข้าว และ อบข้าว', 65, 845),
(513, '2023-01-09', 213, 'อบข้าว', 56, 560),
(514, '2023-01-09', 214, 'คัด/ฝัดเมล็ดข้าว และ อบข้าว', 16, 208),
(515, '2023-01-09', 215, 'คัด/ฝัดเมล็ดข้าว', 96, 288),
(516, '2023-01-11', 216, 'คัด/ฝัดเมล็ดข้าว และ อบข้าว', 89, 1157),
(517, '2023-01-13', 217, 'สีข้าว', 62, 0),
(518, '2023-01-13', 218, 'สีข้าว และ คัด/ฝัดเมล็ดข้าว และ อบข้าว', 80, 1040),
(519, '2023-01-13', 219, 'สีข้าว และ คัด/ฝัดเมล็ดข้าว และ อบข้าว', 48, 624),
(520, '2023-01-14', 220, 'อบข้าว', 26, 260),
(521, '2023-01-14', 221, 'สีข้าว และ อบข้าว', 91, 910),
(522, '2023-01-16', 222, 'คัด/ฝัดเมล็ดข้าว', 56, 168),
(523, '2023-01-16', 223, 'คัด/ฝัดเมล็ดข้าว', 37, 111),
(524, '2023-01-17', 224, 'สีข้าว และ อบข้าว', 24, 240),
(525, '2023-01-18', 225, 'สีข้าว และ คัด/ฝัดเมล็ดข้าว และ อบข้าว', 38, 494),
(526, '2023-01-18', 226, 'คัด/ฝัดเมล็ดข้าว และ อบข้าว', 83, 1079),
(527, '2023-01-19', 227, 'คัด/ฝัดเมล็ดข้าว และ อบข้าว', 14, 182),
(528, '2023-01-21', 228, 'สีข้าว และ อบข้าว', 95, 950),
(529, '2023-01-21', 229, 'อบข้าว', 91, 910),
(530, '2023-01-25', 230, 'สีข้าว และ คัด/ฝัดเมล็ดข้าว และ อบข้าว', 38, 494),
(531, '2023-01-25', 231, 'สีข้าว และ อบข้าว', 60, 600),
(532, '2023-01-27', 232, 'อบข้าว', 55, 550),
(533, '2023-01-28', 233, 'อบข้าว', 26, 260),
(534, '2023-01-30', 234, 'สีข้าว', 16, 0),
(535, '2023-01-31', 235, 'คัด/ฝัดเมล็ดข้าว', 12, 36),
(536, '2023-02-01', 236, 'สีข้าว และ คัด/ฝัดเมล็ดข้าว', 79, 237),
(537, '2023-02-01', 237, 'คัด/ฝัดเมล็ดข้าว และ อบข้าว', 95, 1235),
(538, '2023-02-01', 238, 'คัด/ฝัดเมล็ดข้าว', 71, 213),
(539, '2023-02-01', 239, 'สีข้าว และ คัด/ฝัดเมล็ดข้าว', 63, 189),
(540, '2023-02-02', 240, 'คัด/ฝัดเมล็ดข้าว', 77, 231),
(541, '2023-02-02', 241, 'สีข้าว และ อบข้าว', 28, 280),
(542, '2023-02-02', 242, 'สีข้าว และ คัด/ฝัดเมล็ดข้าว และ อบข้าว', 60, 780),
(543, '2023-02-04', 243, 'สีข้าว และ คัด/ฝัดเมล็ดข้าว', 21, 63),
(544, '2023-02-07', 244, 'อบข้าว', 15, 150),
(545, '2023-02-07', 245, 'อบข้าว', 83, 830),
(546, '2023-02-07', 246, 'สีข้าว', 31, 0),
(547, '2023-02-07', 247, 'สีข้าว และ คัด/ฝัดเมล็ดข้าว', 19, 57),
(548, '2023-02-08', 248, 'สีข้าว', 89, 0),
(549, '2023-02-08', 249, 'คัด/ฝัดเมล็ดข้าว และ อบข้าว', 46, 598),
(550, '2023-02-09', 250, 'สีข้าว และ คัด/ฝัดเมล็ดข้าว และ อบข้าว', 26, 338),
(551, '2023-02-11', 251, 'สีข้าว และ อบข้าว', 75, 750),
(552, '2023-02-12', 252, 'สีข้าว และ คัด/ฝัดเมล็ดข้าว และ อบข้าว', 90, 1170),
(553, '2023-02-13', 253, 'สีข้าว และ คัด/ฝัดเมล็ดข้าว', 85, 255),
(554, '2023-02-13', 254, 'คัด/ฝัดเมล็ดข้าว และ อบข้าว', 32, 416),
(555, '2023-02-13', 255, 'อบข้าว', 16, 160),
(556, '2023-02-13', 256, 'คัด/ฝัดเมล็ดข้าว และ อบข้าว', 47, 611),
(557, '2023-02-13', 257, 'คัด/ฝัดเมล็ดข้าว และ อบข้าว', 36, 468),
(558, '2023-02-14', 258, 'สีข้าว และ อบข้าว', 85, 850),
(559, '2023-02-16', 259, 'อบข้าว', 53, 530),
(560, '2023-02-17', 260, 'อบข้าว', 41, 410),
(561, '2023-02-17', 261, 'คัด/ฝัดเมล็ดข้าว', 97, 291),
(562, '2023-02-17', 262, 'คัด/ฝัดเมล็ดข้าว และ อบข้าว', 30, 390),
(563, '2023-02-17', 263, 'สีข้าว และ อบข้าว', 40, 400),
(564, '2023-02-18', 264, 'สีข้าว และ คัด/ฝัดเมล็ดข้าว', 76, 228),
(565, '2023-02-20', 265, 'คัด/ฝัดเมล็ดข้าว และ อบข้าว', 85, 1105),
(566, '2023-02-20', 266, 'อบข้าว', 78, 780),
(567, '2023-02-21', 267, 'คัด/ฝัดเมล็ดข้าว และ อบข้าว', 21, 273),
(568, '2023-02-23', 268, 'คัด/ฝัดเมล็ดข้าว', 78, 234),
(569, '2023-02-23', 269, 'สีข้าว และ คัด/ฝัดเมล็ดข้าว และ อบข้าว', 61, 793),
(570, '2023-02-24', 270, 'สีข้าว และ คัด/ฝัดเมล็ดข้าว และ อบข้าว', 22, 286),
(571, '2023-02-25', 271, 'สีข้าว', 49, 0),
(572, '2023-02-28', 272, 'คัด/ฝัดเมล็ดข้าว', 60, 180),
(573, '2023-03-02', 273, 'อบข้าว', 13, 130),
(574, '2023-03-03', 274, 'อบข้าว', 40, 400),
(575, '2023-03-03', 275, 'สีข้าว และ คัด/ฝัดเมล็ดข้าว และ อบข้าว', 42, 546),
(576, '2023-03-03', 276, 'สีข้าว', 86, 0),
(577, '2023-03-04', 277, 'คัด/ฝัดเมล็ดข้าว และ อบข้าว', 89, 1157),
(578, '2023-03-06', 278, 'คัด/ฝัดเมล็ดข้าว และ อบข้าว', 67, 871),
(579, '2023-03-07', 279, 'คัด/ฝัดเมล็ดข้าว', 55, 165),
(580, '2023-03-08', 280, 'อบข้าว', 98, 980),
(581, '2023-03-09', 281, 'อบข้าว', 83, 830),
(582, '2023-03-09', 282, 'สีข้าว และ อบข้าว', 10, 100),
(583, '2023-03-09', 283, 'อบข้าว', 19, 190),
(584, '2023-03-10', 284, 'สีข้าว และ อบข้าว', 85, 850),
(585, '2023-03-11', 285, 'สีข้าว และ อบข้าว', 14, 140),
(586, '2023-03-13', 286, 'อบข้าว', 55, 550),
(587, '2023-03-14', 287, 'คัด/ฝัดเมล็ดข้าว และ อบข้าว', 34, 442),
(588, '2023-03-14', 288, 'สีข้าว', 66, 0),
(589, '2023-03-15', 289, 'คัด/ฝัดเมล็ดข้าว', 96, 288),
(590, '2023-03-15', 290, 'คัด/ฝัดเมล็ดข้าว', 44, 132),
(591, '2023-03-17', 291, 'สีข้าว และ คัด/ฝัดเมล็ดข้าว', 56, 168),
(592, '2023-03-19', 292, 'คัด/ฝัดเมล็ดข้าว และ อบข้าว', 85, 1105),
(593, '2023-03-21', 293, 'สีข้าว', 35, 0),
(594, '2023-03-24', 294, 'อบข้าว', 88, 880),
(595, '2023-03-24', 295, 'สีข้าว', 85, 0),
(596, '2023-03-24', 296, 'สีข้าว และ อบข้าว', 18, 180),
(597, '2023-03-25', 297, 'สีข้าว และ คัด/ฝัดเมล็ดข้าว และ อบข้าว', 90, 1170),
(598, '2023-03-25', 298, 'สีข้าว และ คัด/ฝัดเมล็ดข้าว และ อบข้าว', 88, 1144),
(599, '2023-03-25', 299, 'สีข้าว และ คัด/ฝัดเมล็ดข้าว', 57, 171),
(600, '2023-03-26', 300, 'อบข้าว', 53, 530),
(601, '2023-03-26', 1, 'สีข้าว และ อบข้าว', 83, 830),
(602, '2023-03-27', 2, 'คัด/ฝัดเมล็ดข้าว และ อบข้าว', 62, 806),
(603, '2023-03-27', 3, 'คัด/ฝัดเมล็ดข้าว และ อบข้าว', 32, 416),
(604, '2023-03-30', 4, 'สีข้าว และ คัด/ฝัดเมล็ดข้าว และ อบข้าว', 26, 338),
(605, '2023-03-31', 5, 'สีข้าว และ คัด/ฝัดเมล็ดข้าว และ อบข้าว', 51, 663),
(606, '2023-03-31', 6, 'คัด/ฝัดเมล็ดข้าว', 40, 120),
(607, '2023-04-01', 7, 'สีข้าว', 97, 0),
(608, '2023-04-01', 8, 'อบข้าว', 37, 370),
(609, '2023-04-02', 9, 'สีข้าว และ คัด/ฝัดเมล็ดข้าว', 32, 96),
(610, '2023-04-04', 10, 'สีข้าว และ คัด/ฝัดเมล็ดข้าว', 87, 261),
(611, '2023-04-05', 11, 'สีข้าว และ คัด/ฝัดเมล็ดข้าว และ อบข้าว', 45, 585),
(612, '2023-04-08', 12, 'สีข้าว และ คัด/ฝัดเมล็ดข้าว และ อบข้าว', 45, 585),
(613, '2023-04-09', 13, 'สีข้าว และ คัด/ฝัดเมล็ดข้าว', 32, 96),
(614, '2023-04-10', 14, 'คัด/ฝัดเมล็ดข้าว และ อบข้าว', 53, 689),
(615, '2023-04-10', 15, 'สีข้าว และ คัด/ฝัดเมล็ดข้าว และ อบข้าว', 63, 819),
(616, '2023-04-12', 16, 'สีข้าว และ อบข้าว', 73, 730),
(617, '2023-04-12', 17, 'คัด/ฝัดเมล็ดข้าว และ อบข้าว', 34, 442),
(618, '2023-04-13', 18, 'สีข้าว', 40, 0),
(619, '2023-04-13', 19, 'สีข้าว และ อบข้าว', 84, 840),
(620, '2023-04-15', 20, 'สีข้าว และ อบข้าว', 30, 300),
(621, '2023-04-16', 21, 'คัด/ฝัดเมล็ดข้าว', 89, 267),
(622, '2023-04-16', 22, 'สีข้าว และ คัด/ฝัดเมล็ดข้าว และ อบข้าว', 38, 494),
(623, '2023-04-17', 23, 'อบข้าว', 81, 810),
(624, '2023-04-17', 24, 'คัด/ฝัดเมล็ดข้าว', 27, 81),
(625, '2023-04-19', 25, 'อบข้าว', 43, 430),
(626, '2023-04-20', 26, 'สีข้าว และ อบข้าว', 24, 240),
(627, '2023-04-21', 27, 'สีข้าว และ คัด/ฝัดเมล็ดข้าว', 99, 297),
(628, '2023-04-21', 28, 'สีข้าว และ คัด/ฝัดเมล็ดข้าว และ อบข้าว', 58, 754),
(629, '2023-04-22', 29, 'อบข้าว', 45, 450),
(630, '2023-04-23', 30, 'สีข้าว และ คัด/ฝัดเมล็ดข้าว และ อบข้าว', 73, 949),
(631, '2023-04-23', 31, 'สีข้าว และ อบข้าว', 35, 350),
(632, '2023-04-24', 32, 'สีข้าว และ อบข้าว', 81, 810),
(633, '2023-04-25', 33, 'คัด/ฝัดเมล็ดข้าว', 69, 207),
(634, '2023-04-26', 34, 'สีข้าว และ อบข้าว', 30, 300),
(635, '2023-04-27', 35, 'สีข้าว และ อบข้าว', 33, 330),
(636, '2023-04-28', 36, 'สีข้าว', 37, 0),
(637, '2023-04-30', 37, 'สีข้าว และ คัด/ฝัดเมล็ดข้าว', 94, 282),
(638, '2023-05-02', 38, 'สีข้าว', 63, 0),
(639, '2023-05-03', 39, 'สีข้าว และ คัด/ฝัดเมล็ดข้าว และ อบข้าว', 55, 715),
(640, '2023-05-03', 40, 'สีข้าว', 51, 0),
(641, '2023-05-03', 41, 'สีข้าว', 31, 0),
(642, '2023-05-05', 42, 'สีข้าว และ คัด/ฝัดเมล็ดข้าว', 69, 207),
(643, '2023-05-07', 43, 'อบข้าว', 94, 940),
(644, '2023-05-07', 44, 'สีข้าว และ คัด/ฝัดเมล็ดข้าว', 52, 156),
(645, '2023-05-07', 45, 'สีข้าว และ คัด/ฝัดเมล็ดข้าว และ อบข้าว', 12, 156),
(646, '2023-05-07', 46, 'คัด/ฝัดเมล็ดข้าว', 67, 201),
(647, '2023-05-08', 47, 'อบข้าว', 36, 360),
(648, '2023-05-08', 48, 'คัด/ฝัดเมล็ดข้าว และ อบข้าว', 64, 832),
(649, '2023-05-09', 49, 'อบข้าว', 66, 660),
(650, '2023-05-11', 50, 'สีข้าว และ คัด/ฝัดเมล็ดข้าว', 47, 141),
(651, '2023-05-12', 51, 'สีข้าว และ อบข้าว', 87, 870),
(652, '2023-05-13', 52, 'อบข้าว', 62, 620),
(653, '2023-05-14', 53, 'สีข้าว และ อบข้าว', 38, 380),
(654, '2023-05-15', 54, 'คัด/ฝัดเมล็ดข้าว และ อบข้าว', 93, 1209),
(655, '2023-05-16', 55, 'คัด/ฝัดเมล็ดข้าว', 25, 75),
(656, '2023-05-16', 56, 'คัด/ฝัดเมล็ดข้าว', 41, 123),
(657, '2023-05-17', 57, 'อบข้าว', 63, 630),
(658, '2023-05-17', 58, 'สีข้าว และ คัด/ฝัดเมล็ดข้าว และ อบข้าว', 65, 845),
(659, '2023-05-18', 59, 'สีข้าว และ คัด/ฝัดเมล็ดข้าว และ อบข้าว', 59, 767),
(660, '2023-05-19', 60, 'สีข้าว', 51, 0),
(661, '2023-05-19', 61, 'คัด/ฝัดเมล็ดข้าว และ อบข้าว', 25, 325),
(662, '2023-05-19', 62, 'คัด/ฝัดเมล็ดข้าว', 54, 162),
(663, '2023-05-20', 63, 'สีข้าว', 63, 0),
(664, '2023-05-21', 64, 'สีข้าว และ อบข้าว', 15, 150),
(665, '2023-05-22', 65, 'สีข้าว และ คัด/ฝัดเมล็ดข้าว', 67, 201),
(666, '2023-05-24', 66, 'สีข้าว และ อบข้าว', 67, 670),
(667, '2023-05-24', 67, 'สีข้าว และ คัด/ฝัดเมล็ดข้าว', 93, 279),
(668, '2023-05-26', 68, 'สีข้าว และ อบข้าว', 87, 870),
(669, '2023-05-26', 69, 'สีข้าว และ อบข้าว', 100, 1000),
(670, '2023-05-26', 70, 'สีข้าว', 98, 0),
(671, '2023-05-26', 71, 'สีข้าว และ คัด/ฝัดเมล็ดข้าว และ อบข้าว', 33, 429),
(672, '2023-05-27', 72, 'สีข้าว และ อบข้าว', 67, 670),
(673, '2023-05-28', 73, 'คัด/ฝัดเมล็ดข้าว', 22, 66),
(674, '2023-05-28', 74, 'อบข้าว', 57, 570),
(675, '2023-05-28', 75, 'สีข้าว และ คัด/ฝัดเมล็ดข้าว และ อบข้าว', 44, 572),
(676, '2023-05-28', 76, 'สีข้าว', 98, 0),
(677, '2023-05-29', 77, 'สีข้าว และ คัด/ฝัดเมล็ดข้าว', 81, 243),
(678, '2023-05-29', 78, 'คัด/ฝัดเมล็ดข้าว', 52, 156),
(679, '2023-05-30', 79, 'คัด/ฝัดเมล็ดข้าว และ อบข้าว', 14, 182),
(680, '2023-05-30', 80, 'สีข้าว และ อบข้าว', 36, 360),
(681, '2023-05-31', 81, 'สีข้าว', 86, 0),
(682, '2023-05-31', 82, 'สีข้าว และ คัด/ฝัดเมล็ดข้าว และ อบข้าว', 73, 949),
(683, '2023-06-01', 83, 'สีข้าว', 73, 0),
(684, '2023-06-02', 84, 'คัด/ฝัดเมล็ดข้าว', 29, 87),
(685, '2023-06-06', 85, 'สีข้าว และ คัด/ฝัดเมล็ดข้าว และ อบข้าว', 13, 169),
(686, '2023-06-07', 86, 'สีข้าว และ อบข้าว', 59, 590),
(687, '2023-06-07', 87, 'สีข้าว', 69, 0),
(688, '2023-06-08', 88, 'คัด/ฝัดเมล็ดข้าว', 98, 294),
(689, '2023-06-09', 89, 'สีข้าว และ อบข้าว', 51, 510),
(690, '2023-06-09', 90, 'คัด/ฝัดเมล็ดข้าว และ อบข้าว', 77, 1001),
(691, '2023-06-09', 91, 'คัด/ฝัดเมล็ดข้าว และ อบข้าว', 63, 819),
(692, '2023-06-10', 92, 'สีข้าว และ อบข้าว', 27, 270),
(693, '2023-06-10', 93, 'สีข้าว และ คัด/ฝัดเมล็ดข้าว', 58, 174),
(694, '2023-06-11', 94, 'สีข้าว และ คัด/ฝัดเมล็ดข้าว และ อบข้าว', 94, 1222),
(695, '2023-06-12', 95, 'คัด/ฝัดเมล็ดข้าว และ อบข้าว', 21, 273),
(696, '2023-06-12', 96, 'สีข้าว และ คัด/ฝัดเมล็ดข้าว และ อบข้าว', 38, 494),
(697, '2023-06-12', 97, 'คัด/ฝัดเมล็ดข้าว', 36, 108),
(698, '2023-06-14', 98, 'คัด/ฝัดเมล็ดข้าว และ อบข้าว', 50, 650),
(699, '2023-06-15', 99, 'สีข้าว และ คัด/ฝัดเมล็ดข้าว', 58, 174),
(700, '2023-06-15', 100, 'อบข้าว', 16, 160),
(701, '2023-06-16', 101, 'อบข้าว', 55, 550),
(702, '2023-06-16', 102, 'คัด/ฝัดเมล็ดข้าว', 60, 180),
(703, '2023-06-17', 103, 'คัด/ฝัดเมล็ดข้าว และ อบข้าว', 44, 572),
(704, '2023-06-17', 104, 'คัด/ฝัดเมล็ดข้าว และ อบข้าว', 81, 1053),
(705, '2023-06-17', 105, 'คัด/ฝัดเมล็ดข้าว และ อบข้าว', 40, 520),
(706, '2023-06-18', 106, 'สีข้าว และ คัด/ฝัดเมล็ดข้าว และ อบข้าว', 98, 1274),
(707, '2023-06-19', 107, 'สีข้าว และ อบข้าว', 76, 760),
(708, '2023-06-19', 108, 'สีข้าว และ คัด/ฝัดเมล็ดข้าว และ อบข้าว', 55, 715),
(709, '2023-06-19', 109, 'สีข้าว และ คัด/ฝัดเมล็ดข้าว และ อบข้าว', 82, 1066),
(710, '2023-06-20', 110, 'สีข้าว และ คัด/ฝัดเมล็ดข้าว', 67, 201),
(711, '2023-06-20', 111, 'สีข้าว และ คัด/ฝัดเมล็ดข้าว และ อบข้าว', 48, 624),
(712, '2023-06-21', 112, 'สีข้าว และ อบข้าว', 73, 730),
(713, '2023-06-21', 113, 'คัด/ฝัดเมล็ดข้าว', 61, 183),
(714, '2023-06-21', 114, 'สีข้าว และ อบข้าว', 10, 100),
(715, '2023-06-21', 115, 'คัด/ฝัดเมล็ดข้าว', 67, 201),
(716, '2023-06-21', 116, 'อบข้าว', 34, 340),
(717, '2023-06-22', 117, 'อบข้าว', 34, 340),
(718, '2023-06-23', 118, 'อบข้าว', 57, 570),
(719, '2023-06-23', 119, 'สีข้าว และ คัด/ฝัดเมล็ดข้าว และ อบข้าว', 100, 1300),
(720, '2023-06-27', 120, 'อบข้าว', 86, 860),
(721, '2023-06-27', 121, 'สีข้าว และ อบข้าว', 67, 670),
(722, '2023-06-28', 122, 'อบข้าว', 60, 600),
(723, '2023-06-28', 123, 'อบข้าว', 69, 690),
(724, '2023-06-28', 124, 'สีข้าว และ คัด/ฝัดเมล็ดข้าว และ อบข้าว', 30, 390),
(725, '2023-06-30', 125, 'คัด/ฝัดเมล็ดข้าว', 46, 138),
(726, '2023-07-02', 126, 'คัด/ฝัดเมล็ดข้าว', 49, 147),
(727, '2023-07-02', 127, 'สีข้าว และ อบข้าว', 55, 550),
(728, '2023-07-02', 128, 'อบข้าว', 54, 540),
(729, '2023-07-03', 129, 'คัด/ฝัดเมล็ดข้าว', 41, 123),
(730, '2023-07-04', 130, 'คัด/ฝัดเมล็ดข้าว และ อบข้าว', 15, 195),
(731, '2023-07-04', 131, 'อบข้าว', 24, 240),
(732, '2023-07-05', 132, 'สีข้าว และ คัด/ฝัดเมล็ดข้าว', 42, 126),
(733, '2023-07-05', 133, 'คัด/ฝัดเมล็ดข้าว', 27, 81),
(734, '2023-07-05', 134, 'อบข้าว', 56, 560),
(735, '2023-07-05', 135, 'อบข้าว', 19, 190),
(736, '2023-07-08', 136, 'สีข้าว และ คัด/ฝัดเมล็ดข้าว และ อบข้าว', 92, 1196),
(737, '2023-07-08', 137, 'สีข้าว และ อบข้าว', 85, 850),
(738, '2023-07-09', 138, 'สีข้าว และ คัด/ฝัดเมล็ดข้าว และ อบข้าว', 98, 1274),
(739, '2023-07-10', 139, 'คัด/ฝัดเมล็ดข้าว และ อบข้าว', 91, 1183),
(740, '2023-07-10', 140, 'สีข้าว และ คัด/ฝัดเมล็ดข้าว', 46, 138),
(741, '2023-07-10', 141, 'คัด/ฝัดเมล็ดข้าว', 61, 183),
(742, '2023-07-11', 142, 'คัด/ฝัดเมล็ดข้าว และ อบข้าว', 95, 1235),
(743, '2023-07-16', 143, 'สีข้าว และ อบข้าว', 88, 880),
(744, '2023-07-16', 144, 'สีข้าว และ คัด/ฝัดเมล็ดข้าว และ อบข้าว', 13, 169),
(745, '2023-07-17', 145, 'สีข้าว', 55, 0),
(746, '2023-07-18', 146, 'อบข้าว', 19, 190),
(747, '2023-07-18', 147, 'สีข้าว', 55, 0),
(748, '2023-07-19', 148, 'คัด/ฝัดเมล็ดข้าว และ อบข้าว', 32, 416),
(749, '2023-07-19', 149, 'สีข้าว และ คัด/ฝัดเมล็ดข้าว และ อบข้าว', 25, 325),
(750, '2023-07-20', 150, 'สีข้าว', 15, 0),
(751, '2023-07-20', 151, 'คัด/ฝัดเมล็ดข้าว และ อบข้าว', 58, 754),
(752, '2023-07-20', 152, 'สีข้าว และ คัด/ฝัดเมล็ดข้าว', 79, 237),
(753, '2023-07-20', 153, 'สีข้าว และ คัด/ฝัดเมล็ดข้าว', 29, 87),
(754, '2023-07-22', 154, 'คัด/ฝัดเมล็ดข้าว', 80, 240),
(755, '2023-07-22', 155, 'สีข้าว และ คัด/ฝัดเมล็ดข้าว และ อบข้าว', 63, 819),
(756, '2023-07-22', 156, 'สีข้าว และ คัด/ฝัดเมล็ดข้าว', 36, 108),
(757, '2023-07-22', 157, 'สีข้าว และ คัด/ฝัดเมล็ดข้าว และ อบข้าว', 57, 741),
(758, '2023-07-22', 158, 'คัด/ฝัดเมล็ดข้าว และ อบข้าว', 43, 559),
(759, '2023-07-23', 159, 'สีข้าว และ คัด/ฝัดเมล็ดข้าว และ อบข้าว', 44, 572),
(760, '2023-07-23', 160, 'อบข้าว', 42, 420),
(761, '2023-07-26', 161, 'สีข้าว', 75, 0),
(762, '2023-07-26', 162, 'อบข้าว', 61, 610),
(763, '2023-07-26', 163, 'สีข้าว และ อบข้าว', 80, 800),
(764, '2023-07-27', 164, 'สีข้าว และ อบข้าว', 41, 410),
(765, '2023-07-29', 165, 'คัด/ฝัดเมล็ดข้าว', 20, 60),
(766, '2023-07-30', 166, 'คัด/ฝัดเมล็ดข้าว', 80, 240),
(767, '2023-07-30', 167, 'คัด/ฝัดเมล็ดข้าว และ อบข้าว', 81, 1053),
(768, '2023-07-31', 168, 'คัด/ฝัดเมล็ดข้าว และ อบข้าว', 72, 936),
(769, '2023-08-01', 169, 'คัด/ฝัดเมล็ดข้าว', 80, 240),
(770, '2023-08-01', 170, 'สีข้าว', 64, 0),
(771, '2023-08-02', 171, 'คัด/ฝัดเมล็ดข้าว', 100, 300),
(772, '2023-08-04', 172, 'สีข้าว และ คัด/ฝัดเมล็ดข้าว', 14, 42),
(773, '2023-08-04', 173, 'คัด/ฝัดเมล็ดข้าว', 48, 144),
(774, '2023-08-04', 174, 'สีข้าว', 73, 0),
(775, '2023-08-06', 175, 'สีข้าว และ คัด/ฝัดเมล็ดข้าว', 22, 66),
(776, '2023-08-06', 176, 'คัด/ฝัดเมล็ดข้าว', 64, 192),
(777, '2023-08-07', 177, 'คัด/ฝัดเมล็ดข้าว และ อบข้าว', 71, 923),
(778, '2023-08-07', 178, 'สีข้าว', 79, 0),
(779, '2023-08-08', 179, 'คัด/ฝัดเมล็ดข้าว และ อบข้าว', 67, 871),
(780, '2023-08-08', 180, 'คัด/ฝัดเมล็ดข้าว และ อบข้าว', 52, 676),
(781, '2023-08-10', 181, 'คัด/ฝัดเมล็ดข้าว และ อบข้าว', 51, 663),
(782, '2023-08-10', 182, 'คัด/ฝัดเมล็ดข้าว', 92, 276),
(783, '2023-08-12', 183, 'สีข้าว และ คัด/ฝัดเมล็ดข้าว และ อบข้าว', 52, 676),
(784, '2023-08-13', 184, 'คัด/ฝัดเมล็ดข้าว และ อบข้าว', 55, 715),
(785, '2023-08-15', 185, 'สีข้าว และ คัด/ฝัดเมล็ดข้าว และ อบข้าว', 100, 1300),
(786, '2023-08-16', 186, 'สีข้าว', 73, 0),
(787, '2023-08-16', 187, 'คัด/ฝัดเมล็ดข้าว', 32, 96),
(788, '2023-08-16', 188, 'สีข้าว และ อบข้าว', 15, 150),
(789, '2023-08-16', 189, 'สีข้าว และ คัด/ฝัดเมล็ดข้าว และ อบข้าว', 82, 1066),
(790, '2023-08-17', 190, 'สีข้าว', 40, 0),
(791, '2023-08-17', 191, 'คัด/ฝัดเมล็ดข้าว และ อบข้าว', 17, 221),
(792, '2023-08-18', 192, 'สีข้าว และ คัด/ฝัดเมล็ดข้าว และ อบข้าว', 52, 676),
(793, '2023-08-18', 193, 'คัด/ฝัดเมล็ดข้าว', 71, 213),
(794, '2023-08-18', 194, 'สีข้าว และ อบข้าว', 97, 970),
(795, '2023-08-20', 195, 'คัด/ฝัดเมล็ดข้าว', 61, 183),
(796, '2023-08-21', 196, 'สีข้าว และ อบข้าว', 39, 390),
(797, '2023-08-21', 197, 'คัด/ฝัดเมล็ดข้าว', 49, 147),
(798, '2023-08-21', 198, 'สีข้าว', 75, 0),
(799, '2023-08-21', 199, 'สีข้าว และ คัด/ฝัดเมล็ดข้าว', 81, 243),
(800, '2023-08-22', 200, 'คัด/ฝัดเมล็ดข้าว และ อบข้าว', 81, 1053),
(801, '2023-08-23', 201, 'สีข้าว และ อบข้าว', 33, 330),
(802, '2023-08-23', 202, 'สีข้าว และ คัด/ฝัดเมล็ดข้าว', 54, 162),
(803, '2023-08-23', 203, 'คัด/ฝัดเมล็ดข้าว และ อบข้าว', 95, 1235),
(804, '2023-08-26', 204, 'สีข้าว', 57, 0),
(805, '2023-08-27', 205, 'สีข้าว และ อบข้าว', 72, 720),
(806, '2023-08-27', 206, 'คัด/ฝัดเมล็ดข้าว', 23, 69),
(807, '2023-08-27', 207, 'สีข้าว และ คัด/ฝัดเมล็ดข้าว', 56, 168),
(808, '2023-08-28', 208, 'สีข้าว และ อบข้าว', 72, 720),
(809, '2023-08-29', 209, 'สีข้าว และ คัด/ฝัดเมล็ดข้าว และ อบข้าว', 33, 429),
(810, '2023-08-29', 210, 'คัด/ฝัดเมล็ดข้าว', 73, 219),
(811, '2023-08-30', 211, 'คัด/ฝัดเมล็ดข้าว และ อบข้าว', 18, 234),
(812, '2023-08-31', 212, 'คัด/ฝัดเมล็ดข้าว และ อบข้าว', 20, 260),
(813, '2023-08-31', 213, 'อบข้าว', 87, 870),
(814, '2023-08-31', 214, 'คัด/ฝัดเมล็ดข้าว และ อบข้าว', 46, 598),
(815, '2023-09-01', 215, 'คัด/ฝัดเมล็ดข้าว', 55, 165),
(816, '2023-09-01', 216, 'อบข้าว', 92, 920),
(817, '2023-09-01', 217, 'คัด/ฝัดเมล็ดข้าว', 98, 294),
(818, '2023-09-01', 218, 'สีข้าว และ คัด/ฝัดเมล็ดข้าว และ อบข้าว', 44, 572),
(819, '2023-09-02', 219, 'สีข้าว และ คัด/ฝัดเมล็ดข้าว', 71, 213),
(820, '2023-09-04', 220, 'สีข้าว และ คัด/ฝัดเมล็ดข้าว และ อบข้าว', 70, 910),
(821, '2023-09-04', 221, 'สีข้าว', 31, 0),
(822, '2023-09-05', 222, 'สีข้าว และ คัด/ฝัดเมล็ดข้าว', 91, 273),
(823, '2023-09-05', 223, 'สีข้าว และ คัด/ฝัดเมล็ดข้าว', 44, 132),
(824, '2023-09-05', 224, 'สีข้าว และ คัด/ฝัดเมล็ดข้าว และ อบข้าว', 36, 468),
(825, '2023-09-05', 225, 'อบข้าว', 100, 1000),
(826, '2023-09-05', 226, 'สีข้าว', 13, 0),
(827, '2023-09-05', 227, 'คัด/ฝัดเมล็ดข้าว และ อบข้าว', 23, 299),
(828, '2023-09-08', 228, 'อบข้าว', 50, 500),
(829, '2023-09-09', 229, 'คัด/ฝัดเมล็ดข้าว และ อบข้าว', 55, 715),
(830, '2023-09-09', 230, 'สีข้าว และ คัด/ฝัดเมล็ดข้าว และ อบข้าว', 87, 1131),
(831, '2023-09-10', 231, 'สีข้าว และ คัด/ฝัดเมล็ดข้าว', 42, 126),
(832, '2023-09-12', 232, 'คัด/ฝัดเมล็ดข้าว', 49, 147),
(833, '2023-09-13', 233, 'สีข้าว และ คัด/ฝัดเมล็ดข้าว และ อบข้าว', 80, 1040),
(834, '2023-09-17', 234, 'คัด/ฝัดเมล็ดข้าว', 36, 108),
(835, '2023-09-17', 235, 'สีข้าว และ อบข้าว', 32, 320),
(836, '2023-09-20', 236, 'คัด/ฝัดเมล็ดข้าว', 65, 195),
(837, '2023-09-21', 237, 'สีข้าว และ คัด/ฝัดเมล็ดข้าว และ อบข้าว', 36, 468),
(838, '2023-09-22', 238, 'คัด/ฝัดเมล็ดข้าว', 13, 39),
(839, '2023-09-22', 239, 'สีข้าว และ คัด/ฝัดเมล็ดข้าว', 80, 240),
(840, '2023-09-22', 240, 'สีข้าว และ คัด/ฝัดเมล็ดข้าว', 14, 42),
(841, '2023-09-23', 241, 'สีข้าว', 58, 0),
(842, '2023-09-24', 242, 'สีข้าว และ อบข้าว', 80, 800),
(843, '2023-09-25', 243, 'สีข้าว', 64, 0),
(844, '2023-09-25', 244, 'คัด/ฝัดเมล็ดข้าว และ อบข้าว', 68, 884),
(845, '2023-09-25', 245, 'สีข้าว และ คัด/ฝัดเมล็ดข้าว และ อบข้าว', 47, 611),
(846, '2023-09-26', 246, 'คัด/ฝัดเมล็ดข้าว', 15, 45),
(847, '2023-09-26', 247, 'สีข้าว และ คัด/ฝัดเมล็ดข้าว', 13, 39),
(848, '2023-09-26', 248, 'สีข้าว และ คัด/ฝัดเมล็ดข้าว และ อบข้าว', 63, 819),
(849, '2023-09-28', 249, 'สีข้าว และ คัด/ฝัดเมล็ดข้าว และ อบข้าว', 12, 156),
(850, '2023-09-29', 250, 'สีข้าว และ คัด/ฝัดเมล็ดข้าว', 71, 213),
(851, '2023-09-29', 251, 'สีข้าว และ คัด/ฝัดเมล็ดข้าว และ อบข้าว', 42, 546),
(852, '2023-09-30', 252, 'สีข้าว', 99, 0),
(853, '2023-10-01', 253, 'สีข้าว และ คัด/ฝัดเมล็ดข้าว', 29, 87),
(854, '2023-10-01', 254, 'สีข้าว และ อบข้าว', 22, 220),
(855, '2023-10-01', 255, 'คัด/ฝัดเมล็ดข้าว และ อบข้าว', 31, 403),
(856, '2023-10-02', 256, 'สีข้าว', 29, 0),
(857, '2023-10-03', 257, 'สีข้าว และ คัด/ฝัดเมล็ดข้าว', 93, 279),
(858, '2023-10-04', 258, 'คัด/ฝัดเมล็ดข้าว และ อบข้าว', 25, 325),
(859, '2023-10-04', 259, 'สีข้าว และ คัด/ฝัดเมล็ดข้าว', 86, 258),
(860, '2023-10-05', 260, 'สีข้าว', 60, 0),
(861, '2023-10-05', 261, 'สีข้าว และ คัด/ฝัดเมล็ดข้าว', 99, 297),
(862, '2023-10-05', 262, 'สีข้าว และ อบข้าว', 21, 210),
(863, '2023-10-05', 263, 'อบข้าว', 80, 800),
(864, '2023-10-06', 264, 'สีข้าว', 20, 0),
(865, '2023-10-06', 265, 'สีข้าว', 52, 0),
(866, '2023-10-06', 266, 'คัด/ฝัดเมล็ดข้าว และ อบข้าว', 31, 403),
(867, '2023-10-07', 267, 'สีข้าว', 96, 0),
(868, '2023-10-07', 268, 'สีข้าว', 73, 0),
(869, '2023-10-08', 269, 'สีข้าว และ อบข้าว', 11, 110),
(870, '2023-10-08', 270, 'สีข้าว และ คัด/ฝัดเมล็ดข้าว และ อบข้าว', 11, 143),
(871, '2023-10-09', 271, 'สีข้าว และ คัด/ฝัดเมล็ดข้าว และ อบข้าว', 97, 1261),
(872, '2023-10-11', 272, 'สีข้าว และ คัด/ฝัดเมล็ดข้าว และ อบข้าว', 36, 468),
(873, '2023-10-12', 273, 'คัด/ฝัดเมล็ดข้าว', 65, 195),
(874, '2023-10-12', 274, 'สีข้าว และ อบข้าว', 25, 250),
(875, '2023-10-12', 275, 'สีข้าว', 65, 0),
(876, '2023-10-12', 276, 'สีข้าว และ คัด/ฝัดเมล็ดข้าว และ อบข้าว', 59, 767),
(877, '2023-10-13', 277, 'คัด/ฝัดเมล็ดข้าว และ อบข้าว', 99, 1287),
(878, '2023-10-13', 278, 'สีข้าว และ อบข้าว', 76, 760),
(879, '2023-10-14', 279, 'คัด/ฝัดเมล็ดข้าว และ อบข้าว', 22, 286),
(880, '2023-10-16', 280, 'สีข้าว และ คัด/ฝัดเมล็ดข้าว', 87, 261),
(881, '2023-10-16', 281, 'คัด/ฝัดเมล็ดข้าว และ อบข้าว', 25, 325),
(882, '2023-10-16', 282, 'สีข้าว และ คัด/ฝัดเมล็ดข้าว', 100, 300),
(883, '2023-10-16', 283, 'สีข้าว และ คัด/ฝัดเมล็ดข้าว และ อบข้าว', 56, 728),
(884, '2023-10-18', 284, 'คัด/ฝัดเมล็ดข้าว และ อบข้าว', 72, 936),
(885, '2023-10-18', 285, 'คัด/ฝัดเมล็ดข้าว', 74, 222),
(886, '2023-10-19', 286, 'สีข้าว และ อบข้าว', 18, 180),
(887, '2023-10-19', 287, 'คัด/ฝัดเมล็ดข้าว', 96, 288),
(888, '2023-10-20', 288, 'สีข้าว', 99, 0),
(889, '2023-10-20', 289, 'สีข้าว', 51, 0),
(890, '2023-10-21', 290, 'อบข้าว', 84, 840),
(891, '2023-10-21', 291, 'คัด/ฝัดเมล็ดข้าว', 38, 114),
(892, '2023-10-23', 292, 'คัด/ฝัดเมล็ดข้าว และ อบข้าว', 48, 624),
(893, '2023-10-23', 293, 'คัด/ฝัดเมล็ดข้าว', 76, 228);
INSERT INTO `orderservice` (`OrderService_Id`, `OrderService_Date`, `Member_Id`, `ServiceProduct_Name`, `Bucket_Service`, `Total_Service`) VALUES
(894, '2023-10-23', 294, 'สีข้าว และ คัด/ฝัดเมล็ดข้าว', 18, 54),
(895, '2023-10-25', 295, 'สีข้าว และ คัด/ฝัดเมล็ดข้าว', 76, 228),
(896, '2023-10-25', 296, 'อบข้าว', 35, 350),
(897, '2023-10-26', 297, 'อบข้าว', 29, 290),
(898, '2023-10-26', 298, 'สีข้าว และ คัด/ฝัดเมล็ดข้าว', 16, 48),
(899, '2023-10-28', 299, 'สีข้าว', 43, 0),
(900, '2023-10-29', 300, 'สีข้าว และ อบข้าว', 89, 890),
(901, '2023-10-30', 1, 'คัด/ฝัดเมล็ดข้าว', 53, 159),
(902, '2023-10-31', 2, 'สีข้าว และ คัด/ฝัดเมล็ดข้าว และ อบข้าว', 82, 1066),
(903, '2023-10-31', 3, 'สีข้าว และ คัด/ฝัดเมล็ดข้าว', 62, 186),
(904, '2023-10-31', 4, 'คัด/ฝัดเมล็ดข้าว และ อบข้าว', 75, 975),
(905, '2023-10-31', 5, 'อบข้าว', 16, 160),
(906, '2023-11-01', 6, 'สีข้าว และ อบข้าว', 18, 180),
(907, '2023-11-02', 7, 'สีข้าว และ คัด/ฝัดเมล็ดข้าว', 83, 249),
(908, '2023-11-02', 8, 'สีข้าว และ อบข้าว', 30, 300),
(909, '2023-11-04', 9, 'สีข้าว และ คัด/ฝัดเมล็ดข้าว', 29, 87),
(910, '2023-11-05', 10, 'อบข้าว', 14, 140),
(911, '2023-11-06', 11, 'สีข้าว และ อบข้าว', 23, 230),
(912, '2023-11-07', 12, 'สีข้าว', 87, 0),
(913, '2023-11-07', 13, 'สีข้าว และ อบข้าว', 24, 240),
(914, '2023-11-08', 14, 'คัด/ฝัดเมล็ดข้าว', 100, 300),
(915, '2023-11-08', 15, 'สีข้าว และ อบข้าว', 50, 500),
(916, '2023-11-09', 16, 'อบข้าว', 35, 350),
(917, '2023-11-09', 17, 'อบข้าว', 62, 620),
(918, '2023-11-09', 18, 'สีข้าว และ คัด/ฝัดเมล็ดข้าว และ อบข้าว', 62, 806),
(919, '2023-11-10', 19, 'สีข้าว และ คัด/ฝัดเมล็ดข้าว และ อบข้าว', 57, 741),
(920, '2023-11-10', 20, 'คัด/ฝัดเมล็ดข้าว', 48, 144),
(921, '2023-11-12', 21, 'อบข้าว', 99, 990),
(922, '2023-11-12', 22, 'สีข้าว และ คัด/ฝัดเมล็ดข้าว', 93, 279),
(923, '2023-11-13', 23, 'คัด/ฝัดเมล็ดข้าว', 55, 165),
(924, '2023-11-13', 24, 'สีข้าว และ คัด/ฝัดเมล็ดข้าว และ อบข้าว', 72, 936),
(925, '2023-11-14', 25, 'สีข้าว และ อบข้าว', 94, 940),
(926, '2023-11-15', 26, 'สีข้าว', 37, 0),
(927, '2023-11-17', 27, 'สีข้าว', 53, 0),
(928, '2023-11-17', 28, 'สีข้าว และ คัด/ฝัดเมล็ดข้าว', 16, 48),
(929, '2023-11-17', 29, 'อบข้าว', 61, 610),
(930, '2023-11-18', 30, 'สีข้าว และ คัด/ฝัดเมล็ดข้าว', 84, 252),
(931, '2023-11-19', 31, 'คัด/ฝัดเมล็ดข้าว และ อบข้าว', 72, 936),
(932, '2023-11-19', 32, 'คัด/ฝัดเมล็ดข้าว', 84, 252),
(933, '2023-11-20', 33, 'คัด/ฝัดเมล็ดข้าว และ อบข้าว', 14, 182),
(934, '2023-11-20', 34, 'สีข้าว และ คัด/ฝัดเมล็ดข้าว และ อบข้าว', 93, 1209),
(935, '2023-11-20', 35, 'สีข้าว', 82, 0),
(936, '2023-11-20', 36, 'อบข้าว', 15, 150),
(937, '2023-11-21', 37, 'สีข้าว', 93, 0),
(938, '2023-11-21', 38, 'สีข้าว และ คัด/ฝัดเมล็ดข้าว และ อบข้าว', 76, 988),
(939, '2023-11-21', 39, 'สีข้าว', 26, 0),
(940, '2023-11-22', 40, 'สีข้าว', 26, 0),
(941, '2023-11-22', 41, 'อบข้าว', 98, 980),
(942, '2023-11-23', 42, 'สีข้าว และ คัด/ฝัดเมล็ดข้าว', 75, 225),
(943, '2023-11-23', 43, 'คัด/ฝัดเมล็ดข้าว', 64, 192),
(944, '2023-11-24', 44, 'สีข้าว และ คัด/ฝัดเมล็ดข้าว', 65, 195),
(945, '2023-11-25', 45, 'สีข้าว และ อบข้าว', 80, 800),
(946, '2023-11-25', 46, 'อบข้าว', 72, 720),
(947, '2023-11-28', 47, 'คัด/ฝัดเมล็ดข้าว', 76, 228),
(948, '2023-11-28', 48, 'คัด/ฝัดเมล็ดข้าว และ อบข้าว', 71, 923),
(949, '2023-11-29', 49, 'อบข้าว', 46, 460),
(950, '2023-11-30', 50, 'สีข้าว และ คัด/ฝัดเมล็ดข้าว', 13, 39),
(951, '2023-12-01', 51, 'สีข้าว และ อบข้าว', 99, 990),
(952, '2023-12-01', 52, 'อบข้าว', 100, 1000),
(953, '2023-12-01', 53, 'อบข้าว', 80, 800),
(954, '2023-12-02', 54, 'คัด/ฝัดเมล็ดข้าว', 39, 117),
(955, '2023-12-02', 55, 'สีข้าว และ อบข้าว', 54, 540),
(956, '2023-12-02', 56, 'สีข้าว และ อบข้าว', 53, 530),
(957, '2023-12-05', 57, 'สีข้าว และ คัด/ฝัดเมล็ดข้าว', 11, 33),
(958, '2023-12-05', 58, 'คัด/ฝัดเมล็ดข้าว และ อบข้าว', 67, 871),
(959, '2023-12-05', 59, 'สีข้าว และ อบข้าว', 59, 590),
(960, '2023-12-05', 60, 'สีข้าว', 81, 0),
(961, '2023-12-06', 61, 'คัด/ฝัดเมล็ดข้าว', 94, 282),
(962, '2023-12-06', 62, 'สีข้าว และ อบข้าว', 50, 500),
(963, '2023-12-06', 63, 'คัด/ฝัดเมล็ดข้าว', 52, 156),
(964, '2023-12-07', 64, 'สีข้าว', 14, 0),
(965, '2023-12-07', 65, 'อบข้าว', 52, 520),
(966, '2023-12-07', 66, 'สีข้าว', 23, 0),
(967, '2023-12-10', 67, 'สีข้าว และ คัด/ฝัดเมล็ดข้าว', 56, 168),
(968, '2023-12-11', 68, 'อบข้าว', 49, 490),
(969, '2023-12-11', 69, 'คัด/ฝัดเมล็ดข้าว', 84, 252),
(970, '2023-12-12', 70, 'คัด/ฝัดเมล็ดข้าว และ อบข้าว', 12, 156),
(971, '2023-12-13', 71, 'สีข้าว และ คัด/ฝัดเมล็ดข้าว', 47, 141),
(972, '2023-12-13', 72, 'สีข้าว', 41, 0),
(973, '2023-12-14', 73, 'สีข้าว', 75, 0),
(974, '2023-12-14', 74, 'สีข้าว', 14, 0),
(975, '2023-12-15', 75, 'สีข้าว และ คัด/ฝัดเมล็ดข้าว และ อบข้าว', 79, 1027),
(976, '2023-12-15', 76, 'คัด/ฝัดเมล็ดข้าว', 85, 255),
(977, '2023-12-16', 77, 'สีข้าว และ คัด/ฝัดเมล็ดข้าว', 47, 141),
(978, '2023-12-18', 78, 'สีข้าว และ อบข้าว', 23, 230),
(979, '2023-12-18', 79, 'สีข้าว', 77, 0),
(980, '2023-12-19', 80, 'สีข้าว และ คัด/ฝัดเมล็ดข้าว', 48, 144),
(981, '2023-12-19', 81, 'สีข้าว และ คัด/ฝัดเมล็ดข้าว และ อบข้าว', 46, 598),
(982, '2023-12-20', 82, 'อบข้าว', 44, 440),
(983, '2023-12-21', 83, 'อบข้าว', 95, 950),
(984, '2023-12-23', 84, 'สีข้าว และ คัด/ฝัดเมล็ดข้าว', 95, 285),
(985, '2023-12-23', 85, 'คัด/ฝัดเมล็ดข้าว และ อบข้าว', 15, 195),
(986, '2023-12-24', 86, 'สีข้าว และ อบข้าว', 81, 810),
(987, '2023-12-24', 87, 'สีข้าว', 99, 0),
(988, '2023-12-26', 88, 'สีข้าว และ คัด/ฝัดเมล็ดข้าว', 17, 51),
(989, '2023-12-26', 89, 'คัด/ฝัดเมล็ดข้าว และ อบข้าว', 27, 351),
(990, '2023-12-27', 90, 'สีข้าว', 78, 0),
(991, '2023-12-27', 91, 'คัด/ฝัดเมล็ดข้าว', 47, 141),
(992, '2023-12-28', 92, 'สีข้าว', 37, 0),
(993, '2023-12-28', 93, 'สีข้าว และ คัด/ฝัดเมล็ดข้าว และ อบข้าว', 91, 1183),
(994, '2023-12-28', 94, 'คัด/ฝัดเมล็ดข้าว', 50, 150),
(995, '2023-12-28', 95, 'สีข้าว', 10, 0),
(996, '2023-12-29', 96, 'สีข้าว และ อบข้าว', 16, 160),
(997, '2023-12-29', 97, 'สีข้าว และ คัด/ฝัดเมล็ดข้าว และ อบข้าว', 89, 1157),
(998, '2023-12-30', 98, 'สีข้าว และ อบข้าว', 18, 180),
(999, '2023-12-30', 99, 'สีข้าว และ อบข้าว', 48, 480),
(1000, '2023-12-30', 100, 'สีข้าว', 76, 0),
(1005, '2024-02-20', 2, 'คัด/ฝัดเมล็ดข้าว', 12, 36),
(1006, '2024-02-20', 4, 'สีข้าว และ อบข้าว', 1, 10),
(1007, '2024-03-25', 2, 'สีข้าว', 15, 0),
(1008, '2024-03-25', 2, 'สีข้าว และ คัด/ฝัดเมล็ดข้าว', 10, 30);

-- --------------------------------------------------------

--
-- Table structure for table `promotion`
--

CREATE TABLE `promotion` (
  `Promotion_Id` int(11) NOT NULL,
  `Promotion_name` varchar(100) NOT NULL,
  `Member_Id` int(11) NOT NULL,
  `Promotion_Date` date NOT NULL
) ENGINE=InnoDB DEFAULT CHARSET=utf8 COLLATE=utf8_general_ci;

--
-- Dumping data for table `promotion`
--

INSERT INTO `promotion` (`Promotion_Id`, `Promotion_name`, `Member_Id`, `Promotion_Date`) VALUES
(1, 'สะสมครบ 1,000 แต้ม มีสิทธิใช้บริการอบข้าว 1 ครั้ง', 0, '0000-00-00'),
(2, 'สะสมครบ 3,000 แต้ม มีสิทธิ์เลือกใช้บริการได้ 1 อย่างฟรี/1ครั้ง', 0, '0000-00-00'),
(3, 'สะสมครบ 500 แต้ม มีสิทธิ์ใช้บริการคัด/ฝัดข้าว 1 ครั้ง', 0, '0000-00-00'),
(4, 'มีสิทธิใช้บริการอบข้าว 1 ครั้ง', 0, '2024-03-29'),
(5, 'มีสิทธิ์ใช้บริการคัด/ฝัดข้าว 1 ครั้ง', 0, '2024-03-29'),
(6, 'มีสิทธิ์เลือกใช้บริการอะไรก็ได้ 1 ครั้ง', 0, '2024-03-29'),
(7, 'มีสิทธิ์ใช้บริการคัด/ฝัดข้าว 1 ครั้ง', 0, '2024-03-29'),
(8, 'มีสิทธิ์เลือกใช้บริการอะไรก็ได้ 1 ครั้ง', 0, '2024-03-29');

-- --------------------------------------------------------

--
-- Table structure for table `receipt`
--

CREATE TABLE `receipt` (
  `Receipt_Id` int(11) NOT NULL,
  `Receipt_Date` date NOT NULL,
  `Receipt_Total` int(11) NOT NULL,
  `Member_Id` int(11) NOT NULL,
  `Totalorder_Id` int(11) NOT NULL,
  `Employee_Id` int(11) NOT NULL,
  `Promotion_Id` int(11) NOT NULL
) ENGINE=InnoDB DEFAULT CHARSET=utf8 COLLATE=utf8_general_ci;

--
-- Dumping data for table `receipt`
--

INSERT INTO `receipt` (`Receipt_Id`, `Receipt_Date`, `Receipt_Total`, `Member_Id`, `Totalorder_Id`, `Employee_Id`, `Promotion_Id`) VALUES
(1, '2022-01-02', 418, 1, 1, 3, 0),
(2, '2022-01-03', 80, 2, 2, 2, 0),
(3, '2022-01-03', 990, 3, 3, 4, 0),
(4, '2022-01-03', 800, 4, 4, 4, 0),
(5, '2022-01-03', 400, 5, 5, 2, 0),
(6, '2022-01-04', 1055, 6, 6, 4, 0),
(7, '2022-01-07', 260, 7, 7, 3, 0),
(8, '2022-01-08', 850, 8, 8, 3, 0),
(9, '2022-01-08', 509, 9, 9, 3, 0),
(10, '2022-01-09', 341, 10, 10, 4, 0),
(11, '2022-01-09', 1010, 11, 11, 2, 0),
(12, '2022-01-10', 638, 12, 12, 2, 0),
(13, '2022-01-12', 220, 13, 13, 2, 0),
(14, '2022-01-13', 240, 14, 14, 2, 0),
(15, '2022-01-13', 340, 15, 15, 2, 0),
(16, '2022-01-14', 175, 16, 16, 2, 0),
(17, '2022-01-14', 40, 17, 17, 3, 0),
(18, '2022-01-15', 550, 18, 18, 3, 0),
(19, '2022-01-17', 316, 19, 19, 4, 0),
(20, '2022-01-17', 1275, 20, 20, 2, 0),
(21, '2022-01-19', 820, 21, 21, 3, 0),
(22, '2022-01-21', 911, 22, 22, 3, 0),
(23, '2022-01-24', 482, 23, 23, 3, 0),
(24, '2022-01-26', 40, 24, 24, 4, 0),
(25, '2022-01-27', 325, 25, 25, 2, 0),
(26, '2022-01-29', 730, 26, 26, 3, 0),
(27, '2022-01-30', 365, 27, 27, 3, 0),
(28, '2022-01-31', 900, 28, 28, 3, 0),
(29, '2022-02-02', 319, 29, 29, 2, 0),
(30, '2022-02-02', 40, 30, 30, 2, 0),
(31, '2022-02-02', 1041, 31, 31, 2, 0),
(32, '2022-02-02', 750, 32, 32, 3, 0),
(33, '2022-02-03', 100, 33, 33, 4, 0),
(34, '2022-02-03', 482, 34, 34, 2, 0),
(35, '2022-02-04', 820, 35, 35, 3, 0),
(36, '2022-02-04', 820, 36, 36, 4, 0),
(37, '2022-02-06', 40, 37, 37, 3, 0),
(38, '2022-02-07', 180, 38, 38, 4, 0),
(39, '2022-02-07', 810, 39, 39, 4, 0),
(40, '2022-02-08', 960, 40, 40, 4, 0),
(41, '2022-02-09', 1197, 41, 41, 4, 0),
(42, '2022-02-09', 40, 42, 42, 3, 0),
(43, '2022-02-10', 930, 43, 43, 3, 0),
(44, '2022-02-11', 1262, 44, 44, 2, 0),
(45, '2022-02-11', 313, 45, 45, 2, 0),
(46, '2022-02-12', 172, 46, 46, 2, 0),
(47, '2022-02-12', 229, 47, 47, 3, 0),
(48, '2022-02-12', 76, 48, 48, 3, 0),
(49, '2022-02-14', 265, 49, 49, 3, 0),
(50, '2022-02-17', 103, 50, 50, 2, 0),
(51, '2022-02-19', 139, 51, 51, 2, 0),
(52, '2022-02-20', 630, 52, 52, 3, 0),
(53, '2022-02-20', 547, 53, 53, 3, 0),
(54, '2022-02-21', 1249, 54, 54, 2, 0),
(55, '2022-02-21', 295, 55, 55, 3, 0),
(56, '2022-02-22', 352, 56, 56, 4, 0),
(57, '2022-02-22', 890, 57, 57, 2, 0),
(58, '2022-02-23', 924, 58, 58, 2, 0),
(59, '2022-02-24', 40, 59, 59, 2, 0),
(60, '2022-02-24', 193, 60, 60, 4, 0),
(61, '2022-02-25', 40, 61, 61, 3, 0),
(62, '2022-02-26', 391, 62, 62, 4, 0),
(63, '2022-02-26', 590, 63, 63, 2, 0),
(64, '2022-02-27', 920, 64, 64, 3, 0),
(65, '2022-02-27', 729, 65, 65, 3, 0),
(66, '2022-02-28', 859, 66, 66, 4, 0),
(67, '2022-02-28', 1020, 67, 67, 3, 0),
(68, '2022-03-01', 334, 68, 68, 2, 0),
(69, '2022-03-01', 430, 69, 69, 2, 0),
(70, '2022-03-01', 890, 70, 70, 2, 0),
(71, '2022-03-01', 859, 71, 71, 4, 0),
(72, '2022-03-01', 807, 72, 72, 2, 0),
(73, '2022-03-02', 169, 73, 73, 2, 0),
(74, '2022-03-02', 1262, 74, 74, 2, 0),
(75, '2022-03-03', 910, 75, 75, 2, 0),
(76, '2022-03-03', 846, 76, 76, 4, 0),
(77, '2022-03-04', 937, 77, 77, 2, 0),
(78, '2022-03-05', 1015, 78, 78, 2, 0),
(79, '2022-03-05', 172, 79, 79, 3, 0),
(80, '2022-03-06', 180, 80, 80, 4, 0),
(81, '2022-03-06', 97, 81, 81, 3, 0),
(82, '2022-03-07', 40, 82, 82, 3, 0),
(83, '2022-03-07', 40, 83, 83, 2, 0),
(84, '2022-03-08', 260, 84, 84, 2, 0),
(85, '2022-03-10', 115, 85, 85, 3, 0),
(86, '2022-03-11', 148, 86, 86, 4, 0),
(87, '2022-03-11', 40, 87, 87, 2, 0),
(88, '2022-03-12', 440, 88, 88, 4, 0),
(89, '2022-03-12', 313, 89, 89, 2, 0),
(90, '2022-03-12', 328, 90, 90, 4, 0),
(91, '2022-03-13', 1210, 91, 91, 2, 0),
(92, '2022-03-13', 40, 92, 92, 2, 0),
(93, '2022-03-14', 1210, 93, 93, 2, 0),
(94, '2022-03-15', 40, 94, 94, 3, 0),
(95, '2022-03-17', 781, 95, 95, 2, 0),
(96, '2022-03-18', 530, 96, 96, 3, 0),
(97, '2022-03-20', 151, 97, 97, 3, 0),
(98, '2022-03-21', 253, 98, 98, 2, 0),
(99, '2022-03-22', 677, 99, 99, 2, 0),
(100, '2022-03-22', 200, 100, 100, 4, 0),
(101, '2022-03-22', 94, 101, 101, 3, 0),
(102, '2022-03-23', 1184, 102, 102, 4, 0),
(103, '2022-03-23', 1301, 103, 103, 2, 0),
(104, '2022-03-23', 810, 104, 104, 2, 0),
(105, '2022-03-23', 85, 105, 105, 4, 0),
(106, '2022-03-24', 232, 106, 106, 4, 0),
(107, '2022-03-24', 781, 107, 107, 3, 0),
(108, '2022-03-26', 40, 108, 108, 3, 0),
(109, '2022-03-26', 154, 109, 109, 3, 0),
(110, '2022-03-26', 378, 110, 110, 4, 0),
(111, '2022-03-27', 280, 111, 111, 3, 0),
(112, '2022-03-28', 184, 112, 112, 4, 0),
(113, '2022-03-29', 40, 113, 113, 3, 0),
(114, '2022-03-30', 1275, 114, 114, 4, 0),
(115, '2022-03-30', 220, 115, 115, 3, 0),
(116, '2022-03-31', 820, 116, 116, 4, 0),
(117, '2022-03-31', 495, 117, 117, 3, 0),
(118, '2022-03-31', 40, 118, 118, 2, 0),
(119, '2022-04-01', 830, 119, 119, 4, 0),
(120, '2022-04-01', 508, 120, 120, 2, 0),
(121, '2022-04-02', 40, 121, 121, 2, 0),
(122, '2022-04-03', 1030, 122, 122, 4, 0),
(123, '2022-04-03', 193, 123, 123, 2, 0),
(124, '2022-04-05', 136, 124, 124, 2, 0),
(125, '2022-04-05', 40, 125, 125, 4, 0),
(126, '2022-04-05', 145, 126, 126, 4, 0),
(127, '2022-04-05', 750, 127, 127, 3, 0),
(128, '2022-04-07', 599, 128, 128, 2, 0),
(129, '2022-04-08', 770, 129, 129, 3, 0),
(130, '2022-04-09', 286, 130, 130, 2, 0),
(131, '2022-04-09', 440, 131, 131, 3, 0),
(132, '2022-04-10', 740, 132, 132, 4, 0),
(133, '2022-04-10', 76, 133, 133, 4, 0),
(134, '2022-04-11', 40, 134, 134, 4, 0),
(135, '2022-04-11', 640, 135, 135, 2, 0),
(136, '2022-04-13', 220, 136, 136, 4, 0),
(137, '2022-04-13', 950, 137, 137, 4, 0),
(138, '2022-04-13', 740, 138, 138, 3, 0),
(139, '2022-04-13', 270, 139, 139, 2, 0),
(140, '2022-04-13', 262, 140, 140, 4, 0),
(141, '2022-04-14', 169, 141, 141, 2, 0),
(142, '2022-04-14', 794, 142, 142, 2, 0),
(143, '2022-04-14', 620, 143, 143, 4, 0),
(144, '2022-04-15', 40, 144, 144, 2, 0),
(145, '2022-04-15', 1020, 145, 145, 4, 0),
(146, '2022-04-16', 209, 146, 146, 2, 0),
(147, '2022-04-16', 40, 147, 147, 2, 0),
(148, '2022-04-17', 1010, 148, 148, 3, 0),
(149, '2022-04-20', 320, 149, 149, 4, 0),
(150, '2022-04-20', 40, 150, 150, 2, 0),
(151, '2022-04-21', 307, 151, 151, 3, 0),
(152, '2022-04-21', 680, 152, 152, 4, 0),
(153, '2022-04-21', 860, 153, 153, 3, 0),
(154, '2022-04-23', 650, 154, 154, 3, 0),
(155, '2022-04-23', 157, 155, 155, 3, 0),
(156, '2022-04-23', 124, 156, 156, 2, 0),
(157, '2022-04-23', 703, 157, 157, 3, 0),
(158, '2022-04-24', 326, 158, 158, 4, 0),
(159, '2022-04-25', 103, 159, 159, 3, 0),
(160, '2022-04-25', 990, 160, 160, 2, 0),
(161, '2022-04-27', 115, 161, 161, 4, 0),
(162, '2022-04-28', 1301, 162, 162, 2, 0),
(163, '2022-05-01', 40, 163, 163, 4, 0),
(164, '2022-05-02', 40, 164, 164, 4, 0),
(165, '2022-05-02', 404, 165, 165, 3, 0),
(166, '2022-05-03', 430, 166, 166, 2, 0),
(167, '2022-05-03', 85, 167, 167, 4, 0),
(168, '2022-05-04', 910, 168, 168, 3, 0),
(169, '2022-05-05', 510, 169, 169, 4, 0),
(170, '2022-05-05', 380, 170, 170, 4, 0),
(171, '2022-05-07', 40, 171, 171, 2, 0),
(172, '2022-05-08', 960, 172, 172, 2, 0),
(173, '2022-05-08', 127, 173, 173, 4, 0),
(174, '2022-05-10', 540, 174, 174, 3, 0),
(175, '2022-05-11', 183, 175, 175, 3, 0),
(176, '2022-05-11', 40, 176, 176, 3, 0),
(177, '2022-05-13', 262, 177, 177, 4, 0),
(178, '2022-05-13', 573, 178, 178, 3, 0),
(179, '2022-05-15', 175, 179, 179, 4, 0),
(180, '2022-05-16', 510, 180, 180, 3, 0),
(181, '2022-05-17', 40, 181, 181, 3, 0),
(182, '2022-05-17', 560, 182, 182, 2, 0),
(183, '2022-05-20', 241, 183, 183, 3, 0),
(184, '2022-05-21', 1197, 184, 184, 3, 0),
(185, '2022-05-21', 870, 185, 185, 3, 0),
(186, '2022-05-22', 103, 186, 186, 2, 0),
(187, '2022-05-22', 232, 187, 187, 3, 0),
(188, '2022-05-23', 900, 188, 188, 2, 0),
(189, '2022-05-24', 740, 189, 189, 2, 0),
(190, '2022-05-24', 40, 190, 190, 3, 0),
(191, '2022-05-25', 300, 191, 191, 3, 0),
(192, '2022-05-26', 244, 192, 192, 4, 0),
(193, '2022-05-26', 40, 193, 193, 3, 0),
(194, '2022-05-27', 1106, 194, 194, 4, 0),
(195, '2022-05-27', 40, 195, 195, 4, 0),
(196, '2022-05-28', 280, 196, 196, 2, 0),
(197, '2022-05-28', 40, 197, 197, 4, 0),
(198, '2022-05-28', 586, 198, 198, 4, 0),
(199, '2022-05-31', 350, 199, 199, 4, 0),
(200, '2022-06-01', 187, 200, 200, 4, 0),
(201, '2022-06-01', 989, 201, 201, 4, 0),
(202, '2022-06-02', 175, 202, 202, 2, 0),
(203, '2022-06-02', 520, 203, 203, 2, 0),
(204, '2022-06-03', 893, 204, 204, 2, 0),
(205, '2022-06-04', 1080, 205, 205, 4, 0),
(206, '2022-06-06', 100, 206, 206, 2, 0),
(207, '2022-06-06', 420, 207, 207, 3, 0),
(208, '2022-06-07', 210, 208, 208, 3, 0),
(209, '2022-06-07', 581, 209, 209, 3, 0),
(210, '2022-06-10', 386, 210, 210, 3, 0),
(211, '2022-06-13', 700, 211, 211, 4, 0),
(212, '2022-06-13', 157, 212, 212, 2, 0),
(213, '2022-06-14', 630, 213, 213, 4, 0),
(214, '2022-06-14', 464, 214, 214, 2, 0),
(215, '2022-06-14', 226, 215, 215, 2, 0),
(216, '2022-06-15', 984, 216, 216, 4, 0),
(217, '2022-06-16', 646, 217, 217, 4, 0),
(218, '2022-06-17', 226, 218, 218, 4, 0),
(219, '2022-06-17', 230, 219, 219, 4, 0),
(220, '2022-06-18', 347, 220, 220, 2, 0),
(221, '2022-06-18', 906, 221, 221, 4, 0),
(222, '2022-06-19', 1179, 222, 222, 4, 0),
(223, '2022-06-20', 660, 223, 223, 2, 0),
(224, '2022-06-20', 789, 224, 224, 2, 0),
(225, '2022-06-22', 1075, 225, 225, 4, 0),
(226, '2022-06-22', 100, 226, 226, 3, 0),
(227, '2022-06-22', 100, 227, 227, 3, 0),
(228, '2022-06-22', 319, 228, 228, 2, 0),
(229, '2022-06-23', 430, 229, 229, 3, 0),
(230, '2022-06-23', 1030, 230, 230, 3, 0),
(231, '2022-06-25', 295, 231, 231, 4, 0),
(232, '2022-06-25', 334, 232, 232, 3, 0),
(233, '2022-06-26', 1179, 233, 233, 2, 0),
(234, '2022-06-26', 337, 234, 234, 3, 0),
(235, '2022-06-26', 1387, 235, 235, 4, 0),
(236, '2022-06-26', 100, 236, 236, 2, 0),
(237, '2022-06-28', 100, 237, 237, 4, 0),
(238, '2022-06-29', 360, 238, 238, 2, 0),
(239, '2022-06-29', 400, 239, 239, 4, 0),
(240, '2022-06-30', 460, 240, 240, 4, 0),
(241, '2022-07-01', 860, 241, 241, 2, 0),
(242, '2022-07-01', 310, 242, 242, 2, 0),
(243, '2022-07-02', 1153, 243, 243, 3, 0),
(244, '2022-07-03', 259, 244, 244, 4, 0),
(245, '2022-07-04', 984, 245, 245, 2, 0),
(246, '2022-07-05', 990, 246, 246, 3, 0),
(247, '2022-07-05', 100, 247, 247, 4, 0),
(248, '2022-07-06', 412, 248, 248, 4, 0),
(249, '2022-07-07', 269, 249, 249, 3, 0),
(250, '2022-07-07', 828, 250, 250, 3, 0),
(251, '2022-07-08', 650, 251, 251, 2, 0),
(252, '2022-07-09', 100, 252, 252, 2, 0),
(253, '2022-07-09', 500, 253, 253, 3, 0),
(254, '2022-07-09', 230, 254, 254, 3, 0),
(255, '2022-07-10', 385, 255, 255, 3, 0),
(256, '2022-07-11', 460, 256, 256, 3, 0),
(257, '2022-07-12', 1000, 257, 257, 3, 0),
(258, '2022-07-12', 385, 258, 258, 2, 0),
(259, '2022-07-14', 265, 259, 259, 3, 0),
(260, '2022-07-14', 460, 260, 260, 4, 0),
(261, '2022-07-15', 945, 261, 261, 3, 0),
(262, '2022-07-15', 380, 262, 262, 3, 0),
(263, '2022-07-15', 100, 263, 263, 4, 0),
(264, '2022-07-15', 880, 264, 264, 3, 0),
(265, '2022-07-16', 850, 265, 265, 4, 0),
(266, '2022-07-16', 360, 266, 266, 3, 0),
(267, '2022-07-17', 389, 267, 267, 4, 0),
(268, '2022-07-17', 145, 268, 268, 2, 0),
(269, '2022-07-18', 67, 269, 269, 4, 0),
(270, '2022-07-19', 844, 270, 270, 3, 0),
(271, '2022-07-20', 310, 271, 271, 4, 0),
(272, '2022-07-21', 753, 272, 272, 2, 0),
(273, '2022-07-21', 246, 273, 273, 3, 0),
(274, '2022-07-21', 145, 274, 274, 4, 0),
(275, '2022-07-22', 272, 275, 275, 3, 0),
(276, '2022-07-23', 143, 276, 276, 2, 0),
(277, '2022-07-23', 899, 277, 277, 4, 0),
(278, '2022-07-26', 143, 278, 278, 3, 0),
(279, '2022-07-27', 218, 279, 279, 4, 0),
(280, '2022-07-28', 440, 280, 280, 4, 0),
(281, '2022-07-28', 808, 281, 281, 2, 0),
(282, '2022-07-28', 206, 282, 282, 2, 0),
(283, '2022-07-31', 80, 283, 283, 2, 0),
(284, '2022-08-01', 266, 284, 284, 3, 0),
(285, '2022-08-02', 80, 285, 285, 2, 0),
(286, '2022-08-03', 840, 286, 286, 3, 0),
(287, '2022-08-05', 182, 287, 287, 4, 0),
(288, '2022-08-06', 900, 288, 288, 3, 0),
(289, '2022-08-06', 550, 289, 289, 2, 0),
(290, '2022-08-07', 287, 290, 290, 4, 0),
(291, '2022-08-08', 110, 291, 291, 2, 0),
(292, '2022-08-08', 613, 292, 292, 4, 0),
(293, '2022-08-08', 158, 293, 293, 3, 0),
(294, '2022-08-09', 149, 294, 294, 2, 0),
(295, '2022-08-09', 1250, 295, 295, 4, 0),
(296, '2022-08-10', 236, 296, 296, 3, 0),
(297, '2022-08-10', 200, 297, 297, 3, 0),
(298, '2022-08-12', 290, 298, 298, 2, 0),
(299, '2022-08-13', 847, 299, 299, 4, 0),
(300, '2022-08-13', 220, 300, 300, 2, 0),
(301, '2022-08-13', 80, 1, 301, 4, 0),
(302, '2022-08-14', 128, 2, 302, 3, 0),
(303, '2022-08-15', 190, 3, 303, 3, 0),
(304, '2022-08-15', 834, 4, 304, 2, 0),
(305, '2022-08-16', 509, 5, 305, 2, 0),
(306, '2022-08-17', 440, 6, 306, 4, 0),
(307, '2022-08-17', 330, 7, 307, 3, 0),
(308, '2022-08-17', 1328, 8, 308, 3, 0),
(309, '2022-08-17', 710, 9, 309, 4, 0),
(310, '2022-08-17', 155, 10, 310, 4, 0),
(311, '2022-08-17', 80, 11, 311, 2, 0),
(312, '2022-08-18', 550, 12, 312, 2, 0),
(313, '2022-08-18', 80, 13, 313, 2, 0),
(314, '2022-08-19', 80, 14, 314, 4, 0),
(315, '2022-08-19', 1050, 15, 315, 3, 0),
(316, '2022-08-19', 380, 16, 316, 3, 0),
(317, '2022-08-22', 308, 17, 317, 3, 0),
(318, '2022-08-24', 80, 18, 318, 4, 0),
(319, '2022-08-24', 263, 19, 319, 3, 0),
(320, '2022-08-25', 678, 20, 320, 3, 0),
(321, '2022-08-25', 80, 21, 321, 4, 0),
(322, '2022-08-25', 717, 22, 322, 3, 0),
(323, '2022-08-27', 522, 23, 323, 2, 0),
(324, '2022-08-28', 977, 24, 324, 2, 0),
(325, '2022-08-28', 314, 25, 325, 4, 0),
(326, '2022-08-28', 377, 26, 326, 4, 0),
(327, '2022-08-28', 1070, 27, 327, 2, 0),
(328, '2022-08-29', 80, 28, 328, 3, 0),
(329, '2022-08-29', 80, 29, 329, 4, 0),
(330, '2022-08-30', 227, 30, 330, 4, 0),
(331, '2022-08-30', 371, 31, 331, 3, 0),
(332, '2022-08-30', 368, 32, 332, 3, 0),
(333, '2022-08-30', 239, 33, 333, 2, 0),
(334, '2022-08-31', 194, 34, 334, 4, 0),
(335, '2022-08-31', 457, 35, 335, 3, 0),
(336, '2022-09-02', 1081, 36, 336, 4, 0),
(337, '2022-09-03', 80, 37, 337, 4, 0),
(338, '2022-09-03', 1094, 38, 338, 4, 0),
(339, '2022-09-04', 400, 39, 339, 2, 0),
(340, '2022-09-04', 500, 40, 340, 3, 0),
(341, '2022-09-04', 116, 41, 341, 4, 0),
(342, '2022-09-05', 80, 42, 342, 2, 0),
(343, '2022-09-06', 262, 43, 343, 2, 0),
(344, '2022-09-06', 275, 44, 344, 4, 0),
(345, '2022-09-06', 182, 45, 345, 3, 0),
(346, '2022-09-06', 197, 46, 346, 4, 0),
(347, '2022-09-06', 940, 47, 347, 3, 0),
(348, '2022-09-08', 179, 48, 348, 2, 0),
(349, '2022-09-09', 1080, 49, 349, 3, 0),
(350, '2022-09-10', 580, 50, 350, 3, 0),
(351, '2022-09-10', 360, 51, 351, 4, 0),
(352, '2022-09-10', 210, 52, 352, 4, 0),
(353, '2022-09-13', 220, 53, 353, 4, 0),
(354, '2022-09-14', 300, 54, 354, 4, 0),
(355, '2022-09-14', 431, 55, 355, 4, 0),
(356, '2022-09-15', 263, 56, 356, 2, 0),
(357, '2022-09-15', 678, 57, 357, 4, 0),
(358, '2022-09-16', 323, 58, 358, 4, 0),
(359, '2022-09-17', 1050, 59, 359, 3, 0),
(360, '2022-09-18', 717, 60, 360, 3, 0),
(361, '2022-09-19', 302, 61, 361, 3, 0),
(362, '2022-09-19', 570, 62, 362, 2, 0),
(363, '2022-09-19', 80, 63, 363, 4, 0),
(364, '2022-09-20', 540, 64, 364, 4, 0),
(365, '2022-09-21', 830, 65, 365, 3, 0),
(366, '2022-09-21', 480, 66, 366, 2, 0),
(367, '2022-09-22', 125, 67, 367, 4, 0),
(368, '2022-09-23', 670, 68, 368, 4, 0),
(369, '2022-09-23', 720, 69, 369, 3, 0),
(370, '2022-09-24', 590, 70, 370, 2, 0),
(371, '2022-09-25', 220, 71, 371, 2, 0),
(372, '2022-09-26', 522, 72, 372, 2, 0),
(373, '2022-09-27', 296, 73, 373, 3, 0),
(374, '2022-09-29', 203, 74, 374, 3, 0),
(375, '2022-09-29', 770, 75, 375, 2, 0),
(376, '2022-10-01', 80, 76, 376, 4, 0),
(377, '2022-10-01', 353, 77, 377, 4, 0),
(378, '2022-10-01', 626, 78, 378, 3, 0),
(379, '2022-10-03', 630, 79, 379, 2, 0),
(380, '2022-10-05', 790, 80, 380, 2, 0),
(381, '2022-10-05', 660, 81, 381, 3, 0),
(382, '2022-10-07', 800, 82, 382, 3, 0),
(383, '2022-10-08', 400, 83, 383, 4, 0),
(384, '2022-10-09', 1071, 84, 384, 3, 0),
(385, '2022-10-10', 1046, 85, 385, 3, 0),
(386, '2022-10-11', 839, 86, 386, 4, 0),
(387, '2022-10-11', 557, 87, 387, 2, 0),
(388, '2022-10-11', 576, 88, 388, 2, 0),
(389, '2022-10-11', 544, 89, 389, 4, 0),
(390, '2022-10-12', 440, 90, 390, 3, 0),
(391, '2022-10-12', 730, 91, 391, 4, 0),
(392, '2022-10-12', 936, 92, 392, 3, 0),
(393, '2022-10-13', 560, 93, 393, 4, 0),
(394, '2022-10-16', 1016, 94, 394, 2, 0),
(395, '2022-10-19', 1420, 95, 395, 3, 0),
(396, '2022-10-20', 803, 96, 396, 2, 0),
(397, '2022-10-21', 822, 97, 397, 2, 0),
(398, '2022-10-21', 760, 98, 398, 3, 0),
(399, '2022-10-21', 980, 99, 399, 3, 0),
(400, '2022-10-22', 840, 100, 400, 2, 0),
(401, '2022-10-22', 1380, 101, 401, 4, 0),
(402, '2022-10-23', 1620, 102, 402, 2, 0),
(403, '2022-10-23', 1083, 103, 403, 4, 0),
(404, '2022-10-25', 1204, 104, 404, 3, 0),
(405, '2022-10-25', 142, 105, 405, 2, 0),
(406, '2022-10-26', 181, 106, 406, 2, 0),
(407, '2022-10-27', 168, 107, 407, 3, 0),
(408, '2022-10-27', 415, 108, 408, 3, 0),
(409, '2022-10-29', 25, 109, 409, 2, 0),
(410, '2022-10-29', 25, 110, 410, 2, 0),
(411, '2022-10-29', 935, 111, 411, 3, 0),
(412, '2022-10-30', 335, 112, 412, 2, 0),
(413, '2022-10-31', 705, 113, 413, 4, 0),
(414, '2022-10-31', 415, 114, 414, 4, 0),
(415, '2022-11-02', 85, 115, 415, 3, 0),
(416, '2022-11-02', 247, 116, 416, 3, 0),
(417, '2022-11-02', 1182, 117, 417, 2, 0),
(418, '2022-11-03', 925, 118, 418, 2, 0),
(419, '2022-11-03', 25, 119, 419, 3, 0),
(420, '2022-11-04', 252, 120, 420, 4, 0),
(421, '2022-11-04', 640, 121, 421, 3, 0),
(422, '2022-11-04', 475, 122, 422, 4, 0),
(423, '2022-11-05', 150, 123, 423, 3, 0),
(424, '2022-11-05', 1030, 124, 424, 4, 0),
(425, '2022-11-05', 540, 125, 425, 4, 0),
(426, '2022-11-06', 618, 126, 426, 4, 0),
(427, '2022-11-07', 813, 127, 427, 2, 0),
(428, '2022-11-08', 222, 128, 428, 4, 0),
(429, '2022-11-08', 345, 129, 429, 2, 0),
(430, '2022-11-09', 381, 130, 430, 2, 0),
(431, '2022-11-13', 225, 131, 431, 2, 0),
(432, '2022-11-15', 237, 132, 432, 2, 0),
(433, '2022-11-15', 830, 133, 433, 3, 0),
(434, '2022-11-15', 1372, 134, 434, 2, 0),
(435, '2022-11-15', 210, 135, 435, 4, 0),
(436, '2022-11-16', 380, 136, 436, 2, 0),
(437, '2022-11-16', 80, 137, 437, 4, 0),
(438, '2022-11-17', 1354, 138, 438, 4, 0),
(439, '2022-11-18', 288, 139, 439, 2, 0),
(440, '2022-11-20', 405, 140, 440, 4, 0),
(441, '2022-11-20', 368, 141, 441, 3, 0),
(442, '2022-11-20', 80, 142, 442, 2, 0),
(443, '2022-11-21', 496, 143, 443, 3, 0),
(444, '2022-11-21', 520, 144, 444, 2, 0),
(445, '2022-11-21', 359, 145, 445, 2, 0),
(446, '2022-11-22', 80, 146, 446, 2, 0),
(447, '2022-11-23', 80, 147, 447, 3, 0),
(448, '2022-11-23', 242, 148, 448, 3, 0),
(449, '2022-11-23', 620, 149, 449, 2, 0),
(450, '2022-11-23', 900, 150, 450, 4, 0),
(451, '2022-11-24', 700, 151, 451, 2, 0),
(452, '2022-11-24', 770, 152, 452, 4, 0),
(453, '2022-11-26', 770, 153, 453, 4, 0),
(454, '2022-11-26', 314, 154, 454, 4, 0),
(455, '2022-11-27', 80, 155, 455, 2, 0),
(456, '2022-11-27', 80, 156, 456, 3, 0),
(457, '2022-11-28', 146, 157, 457, 4, 0),
(458, '2022-12-01', 340, 158, 458, 3, 0),
(459, '2022-12-01', 185, 159, 459, 2, 0),
(460, '2022-12-01', 1107, 160, 460, 2, 0),
(461, '2022-12-01', 1315, 161, 461, 2, 0),
(462, '2022-12-01', 500, 162, 462, 4, 0),
(463, '2022-12-02', 390, 163, 463, 4, 0),
(464, '2022-12-02', 1159, 164, 464, 2, 0),
(465, '2022-12-02', 665, 165, 465, 3, 0),
(466, '2022-12-04', 250, 166, 466, 4, 0),
(467, '2022-12-04', 290, 167, 467, 4, 0),
(468, '2022-12-06', 272, 168, 468, 2, 0),
(469, '2022-12-07', 326, 169, 469, 3, 0),
(470, '2022-12-07', 1224, 170, 470, 2, 0),
(471, '2022-12-07', 220, 171, 471, 2, 0),
(472, '2022-12-09', 1070, 172, 472, 3, 0),
(473, '2022-12-09', 110, 173, 473, 2, 0),
(474, '2022-12-10', 520, 174, 474, 2, 0),
(475, '2022-12-10', 310, 175, 475, 3, 0),
(476, '2022-12-10', 272, 176, 476, 3, 0),
(477, '2022-12-11', 496, 177, 477, 4, 0),
(478, '2022-12-11', 444, 178, 478, 4, 0),
(479, '2022-12-12', 80, 179, 479, 2, 0),
(480, '2022-12-12', 380, 180, 480, 2, 0),
(481, '2022-12-12', 188, 181, 481, 4, 0),
(482, '2022-12-14', 374, 182, 482, 3, 0),
(483, '2022-12-15', 890, 183, 483, 2, 0),
(484, '2022-12-17', 236, 184, 484, 3, 0),
(485, '2022-12-17', 80, 185, 485, 3, 0),
(486, '2022-12-18', 341, 186, 486, 4, 0),
(487, '2022-12-19', 182, 187, 487, 3, 0),
(488, '2022-12-20', 359, 188, 488, 4, 0),
(489, '2022-12-21', 221, 189, 489, 4, 0),
(490, '2022-12-21', 80, 190, 490, 3, 0),
(491, '2022-12-23', 530, 191, 491, 4, 0),
(492, '2022-12-23', 251, 192, 492, 3, 0),
(493, '2022-12-23', 820, 193, 493, 2, 0),
(494, '2022-12-24', 795, 194, 494, 3, 0),
(495, '2022-12-24', 359, 195, 495, 4, 0),
(496, '2022-12-25', 185, 196, 496, 2, 0),
(497, '2022-12-28', 1315, 197, 497, 3, 0),
(498, '2022-12-29', 80, 198, 498, 3, 0),
(499, '2022-12-29', 750, 199, 499, 2, 0),
(500, '2022-12-30', 590, 200, 500, 4, 0),
(501, '2022-12-30', 490, 201, 501, 2, 0),
(502, '2022-12-31', 790, 202, 502, 2, 0),
(503, '2023-01-01', 1146, 203, 503, 3, 0),
(504, '2023-01-01', 1133, 204, 504, 3, 0),
(505, '2023-01-01', 496, 205, 505, 3, 0),
(506, '2023-01-03', 1000, 206, 506, 3, 0),
(507, '2023-01-04', 470, 207, 507, 4, 0),
(508, '2023-01-06', 296, 208, 508, 4, 0),
(509, '2023-01-06', 302, 209, 509, 4, 0),
(510, '2023-01-07', 800, 210, 510, 3, 0),
(511, '2023-01-07', 299, 211, 511, 2, 0),
(512, '2023-01-08', 925, 212, 512, 4, 0),
(513, '2023-01-09', 640, 213, 513, 3, 0),
(514, '2023-01-09', 288, 214, 514, 4, 0),
(515, '2023-01-09', 368, 215, 515, 2, 0),
(516, '2023-01-11', 1237, 216, 516, 3, 0),
(517, '2023-01-13', 80, 217, 517, 3, 0),
(518, '2023-01-13', 1120, 218, 518, 2, 0),
(519, '2023-01-13', 704, 219, 519, 2, 0),
(520, '2023-01-14', 340, 220, 520, 3, 0),
(521, '2023-01-14', 990, 221, 521, 2, 0),
(522, '2023-01-16', 248, 222, 522, 3, 0),
(523, '2023-01-16', 191, 223, 523, 4, 0),
(524, '2023-01-17', 320, 224, 524, 3, 0),
(525, '2023-01-18', 574, 225, 525, 4, 0),
(526, '2023-01-18', 1159, 226, 526, 2, 0),
(527, '2023-01-19', 262, 227, 527, 4, 0),
(528, '2023-01-21', 1030, 228, 528, 2, 0),
(529, '2023-01-21', 990, 229, 529, 2, 0),
(530, '2023-01-25', 574, 230, 530, 3, 0),
(531, '2023-01-25', 680, 231, 531, 3, 0),
(532, '2023-01-27', 630, 232, 532, 4, 0),
(533, '2023-01-28', 340, 233, 533, 4, 0),
(534, '2023-01-30', 80, 234, 534, 3, 0),
(535, '2023-01-31', 116, 235, 535, 2, 0),
(536, '2023-02-01', 317, 236, 536, 2, 0),
(537, '2023-02-01', 1315, 237, 537, 4, 0),
(538, '2023-02-01', 293, 238, 538, 3, 0),
(539, '2023-02-01', 269, 239, 539, 4, 0),
(540, '2023-02-02', 311, 240, 540, 2, 0),
(541, '2023-02-02', 360, 241, 541, 3, 0),
(542, '2023-02-02', 860, 242, 542, 4, 0),
(543, '2023-02-04', 143, 243, 543, 4, 0),
(544, '2023-02-07', 230, 244, 544, 4, 0),
(545, '2023-02-07', 910, 245, 545, 4, 0),
(546, '2023-02-07', 80, 246, 546, 3, 0),
(547, '2023-02-07', 137, 247, 547, 4, 0),
(548, '2023-02-08', 80, 248, 548, 4, 0),
(549, '2023-02-08', 678, 249, 549, 2, 0),
(550, '2023-02-09', 418, 250, 550, 3, 0),
(551, '2023-02-11', 830, 251, 551, 4, 0),
(552, '2023-02-12', 1250, 252, 552, 3, 0),
(553, '2023-02-13', 335, 253, 553, 3, 0),
(554, '2023-02-13', 496, 254, 554, 4, 0),
(555, '2023-02-13', 240, 255, 555, 4, 0),
(556, '2023-02-13', 691, 256, 556, 2, 0),
(557, '2023-02-13', 548, 257, 557, 4, 0),
(558, '2023-02-14', 930, 258, 558, 3, 0),
(559, '2023-02-16', 610, 259, 559, 4, 0),
(560, '2023-02-17', 490, 260, 560, 4, 0),
(561, '2023-02-17', 371, 261, 561, 4, 0),
(562, '2023-02-17', 470, 262, 562, 3, 0),
(563, '2023-02-17', 425, 263, 563, 2, 0),
(564, '2023-02-18', 253, 264, 564, 3, 0),
(565, '2023-02-20', 1130, 265, 565, 2, 0),
(566, '2023-02-20', 805, 266, 566, 2, 0),
(567, '2023-02-21', 298, 267, 567, 3, 0),
(568, '2023-02-23', 259, 268, 568, 4, 0),
(569, '2023-02-23', 818, 269, 569, 3, 0),
(570, '2023-02-24', 311, 270, 570, 4, 0),
(571, '2023-02-25', 25, 271, 571, 3, 0),
(572, '2023-02-28', 205, 272, 572, 2, 0),
(573, '2023-03-02', 155, 273, 573, 3, 0),
(574, '2023-03-03', 425, 274, 574, 4, 0),
(575, '2023-03-03', 571, 275, 575, 2, 0),
(576, '2023-03-03', 25, 276, 576, 3, 0),
(577, '2023-03-04', 1182, 277, 577, 3, 0),
(578, '2023-03-06', 896, 278, 578, 3, 0),
(579, '2023-03-07', 190, 279, 579, 2, 0),
(580, '2023-03-08', 1005, 280, 580, 3, 0),
(581, '2023-03-09', 855, 281, 581, 3, 0),
(582, '2023-03-09', 125, 282, 582, 2, 0),
(583, '2023-03-09', 215, 283, 583, 2, 0),
(584, '2023-03-10', 875, 284, 584, 2, 0),
(585, '2023-03-11', 165, 285, 585, 4, 0),
(586, '2023-03-13', 575, 286, 586, 4, 0),
(587, '2023-03-14', 467, 287, 587, 4, 0),
(588, '2023-03-14', 25, 288, 588, 4, 0),
(589, '2023-03-15', 313, 289, 589, 3, 0),
(590, '2023-03-15', 157, 290, 590, 2, 0),
(591, '2023-03-17', 193, 291, 591, 3, 0),
(592, '2023-03-19', 1130, 292, 592, 3, 0),
(593, '2023-03-21', 25, 293, 593, 2, 0),
(594, '2023-03-24', 905, 294, 594, 2, 0),
(595, '2023-03-24', 25, 295, 595, 2, 0),
(596, '2023-03-24', 205, 296, 596, 3, 0),
(597, '2023-03-25', 1195, 297, 597, 2, 0),
(598, '2023-03-25', 1169, 298, 598, 2, 0),
(599, '2023-03-25', 196, 299, 599, 4, 0),
(600, '2023-03-26', 555, 300, 600, 2, 0),
(601, '2023-03-26', 855, 1, 601, 3, 0),
(602, '2023-03-27', 831, 2, 602, 2, 0),
(603, '2023-03-27', 441, 3, 603, 3, 0),
(604, '2023-03-30', 363, 4, 604, 2, 0),
(605, '2023-03-31', 688, 5, 605, 3, 0),
(606, '2023-03-31', 145, 6, 606, 4, 0),
(607, '2023-04-01', 25, 7, 607, 3, 0),
(608, '2023-04-01', 395, 8, 608, 4, 0),
(609, '2023-04-02', 121, 9, 609, 3, 0),
(610, '2023-04-04', 286, 10, 610, 3, 0),
(611, '2023-04-05', 610, 11, 611, 2, 0),
(612, '2023-04-08', 610, 12, 612, 3, 0),
(613, '2023-04-09', 121, 13, 613, 3, 0),
(614, '2023-04-10', 714, 14, 614, 4, 0),
(615, '2023-04-10', 844, 15, 615, 2, 0),
(616, '2023-04-12', 755, 16, 616, 4, 0),
(617, '2023-04-12', 467, 17, 617, 4, 0),
(618, '2023-04-13', 25, 18, 618, 4, 0),
(619, '2023-04-13', 865, 19, 619, 3, 0),
(620, '2023-04-15', 325, 20, 620, 4, 0),
(621, '2023-04-16', 292, 21, 621, 3, 0),
(622, '2023-04-16', 519, 22, 622, 4, 0),
(623, '2023-04-17', 835, 23, 623, 4, 0),
(624, '2023-04-17', 106, 24, 624, 2, 0),
(625, '2023-04-19', 455, 25, 625, 4, 0),
(626, '2023-04-20', 280, 26, 626, 3, 0),
(627, '2023-04-21', 337, 27, 627, 2, 0),
(628, '2023-04-21', 794, 28, 628, 4, 0),
(629, '2023-04-22', 490, 29, 629, 4, 0),
(630, '2023-04-23', 989, 30, 630, 4, 0),
(631, '2023-04-23', 390, 31, 631, 2, 0),
(632, '2023-04-24', 850, 32, 632, 3, 0),
(633, '2023-04-25', 247, 33, 633, 2, 0),
(634, '2023-04-26', 340, 34, 634, 3, 0),
(635, '2023-04-27', 370, 35, 635, 2, 0),
(636, '2023-04-28', 40, 36, 636, 3, 0),
(637, '2023-04-30', 322, 37, 637, 3, 0),
(638, '2023-05-02', 40, 38, 638, 4, 0),
(639, '2023-05-03', 755, 39, 639, 3, 0),
(640, '2023-05-03', 40, 40, 640, 2, 0),
(641, '2023-05-03', 40, 41, 641, 3, 0),
(642, '2023-05-05', 247, 42, 642, 4, 0),
(643, '2023-05-07', 980, 43, 643, 3, 0),
(644, '2023-05-07', 196, 44, 644, 4, 0),
(645, '2023-05-07', 196, 45, 645, 3, 0),
(646, '2023-05-07', 241, 46, 646, 4, 0),
(647, '2023-05-08', 400, 47, 647, 3, 0),
(648, '2023-05-08', 872, 48, 648, 2, 0),
(649, '2023-05-09', 700, 49, 649, 3, 0),
(650, '2023-05-11', 181, 50, 650, 3, 0),
(651, '2023-05-12', 910, 51, 651, 3, 0),
(652, '2023-05-13', 660, 52, 652, 3, 0),
(653, '2023-05-14', 420, 53, 653, 4, 0),
(654, '2023-05-15', 1249, 54, 654, 2, 0),
(655, '2023-05-16', 115, 55, 655, 2, 0),
(656, '2023-05-16', 163, 56, 656, 2, 0),
(657, '2023-05-17', 670, 57, 657, 3, 0),
(658, '2023-05-17', 885, 58, 658, 2, 0),
(659, '2023-05-18', 807, 59, 659, 3, 0),
(660, '2023-05-19', 40, 60, 660, 4, 0),
(661, '2023-05-19', 365, 61, 661, 3, 0),
(662, '2023-05-19', 202, 62, 662, 4, 0),
(663, '2023-05-20', 40, 63, 663, 4, 0),
(664, '2023-05-21', 190, 64, 664, 4, 0),
(665, '2023-05-22', 241, 65, 665, 2, 0),
(666, '2023-05-24', 710, 66, 666, 4, 0),
(667, '2023-05-24', 319, 67, 667, 4, 0),
(668, '2023-05-26', 910, 68, 668, 4, 0),
(669, '2023-05-26', 1040, 69, 669, 3, 0),
(670, '2023-05-26', 40, 70, 670, 4, 0),
(671, '2023-05-26', 469, 71, 671, 4, 0),
(672, '2023-05-27', 710, 72, 672, 4, 0),
(673, '2023-05-28', 106, 73, 673, 2, 0),
(674, '2023-05-28', 610, 74, 674, 3, 0),
(675, '2023-05-28', 612, 75, 675, 3, 0),
(676, '2023-05-28', 40, 76, 676, 2, 0),
(677, '2023-05-29', 283, 77, 677, 4, 0),
(678, '2023-05-29', 196, 78, 678, 4, 0),
(679, '2023-05-30', 222, 79, 679, 3, 0),
(680, '2023-05-30', 400, 80, 680, 2, 0),
(681, '2023-05-31', 40, 81, 681, 4, 0),
(682, '2023-05-31', 989, 82, 682, 4, 0),
(683, '2023-06-01', 40, 83, 683, 3, 0),
(684, '2023-06-02', 127, 84, 684, 3, 0),
(685, '2023-06-06', 209, 85, 685, 4, 0),
(686, '2023-06-07', 630, 86, 686, 4, 0),
(687, '2023-06-07', 40, 87, 687, 4, 0),
(688, '2023-06-08', 334, 88, 688, 2, 0),
(689, '2023-06-09', 550, 89, 689, 4, 0),
(690, '2023-06-09', 1041, 90, 690, 3, 0),
(691, '2023-06-09', 859, 91, 691, 3, 0),
(692, '2023-06-10', 310, 92, 692, 2, 0),
(693, '2023-06-10', 214, 93, 693, 3, 0),
(694, '2023-06-11', 1262, 94, 694, 2, 0),
(695, '2023-06-12', 313, 95, 695, 2, 0),
(696, '2023-06-12', 534, 96, 696, 3, 0),
(697, '2023-06-12', 148, 97, 697, 3, 0),
(698, '2023-06-14', 690, 98, 698, 4, 0),
(699, '2023-06-15', 214, 99, 699, 3, 0),
(700, '2023-06-15', 200, 100, 700, 3, 0),
(701, '2023-06-16', 590, 101, 701, 4, 0),
(702, '2023-06-16', 220, 102, 702, 2, 0),
(703, '2023-06-17', 612, 103, 703, 3, 0),
(704, '2023-06-17', 1093, 104, 704, 3, 0),
(705, '2023-06-17', 560, 105, 705, 3, 0),
(706, '2023-06-18', 1314, 106, 706, 2, 0),
(707, '2023-06-19', 800, 107, 707, 2, 0),
(708, '2023-06-19', 755, 108, 708, 4, 0),
(709, '2023-06-19', 1106, 109, 709, 4, 0),
(710, '2023-06-20', 241, 110, 710, 3, 0),
(711, '2023-06-20', 664, 111, 711, 2, 0),
(712, '2023-06-21', 770, 112, 712, 2, 0),
(713, '2023-06-21', 223, 113, 713, 4, 0),
(714, '2023-06-21', 140, 114, 714, 4, 0),
(715, '2023-06-21', 241, 115, 715, 3, 0),
(716, '2023-06-21', 380, 116, 716, 4, 0),
(717, '2023-06-22', 380, 117, 717, 3, 0),
(718, '2023-06-23', 610, 118, 718, 2, 0),
(719, '2023-06-23', 1340, 119, 719, 3, 0),
(720, '2023-06-27', 900, 120, 720, 3, 0),
(721, '2023-06-27', 710, 121, 721, 2, 0),
(722, '2023-06-28', 640, 122, 722, 4, 0),
(723, '2023-06-28', 730, 123, 723, 4, 0),
(724, '2023-06-28', 430, 124, 724, 3, 0),
(725, '2023-06-30', 178, 125, 725, 4, 0),
(726, '2023-07-02', 187, 126, 726, 3, 0),
(727, '2023-07-02', 590, 127, 727, 3, 0),
(728, '2023-07-02', 580, 128, 728, 3, 0),
(729, '2023-07-03', 163, 129, 729, 3, 0),
(730, '2023-07-04', 235, 130, 730, 3, 0),
(731, '2023-07-04', 280, 131, 731, 2, 0),
(732, '2023-07-05', 166, 132, 732, 3, 0),
(733, '2023-07-05', 121, 133, 733, 3, 0),
(734, '2023-07-05', 600, 134, 734, 3, 0),
(735, '2023-07-05', 230, 135, 735, 3, 0),
(736, '2023-07-08', 1236, 136, 736, 3, 0),
(737, '2023-07-08', 890, 137, 737, 4, 0),
(738, '2023-07-09', 1314, 138, 738, 4, 0),
(739, '2023-07-10', 1223, 139, 739, 3, 0),
(740, '2023-07-10', 178, 140, 740, 4, 0),
(741, '2023-07-10', 223, 141, 741, 3, 0),
(742, '2023-07-11', 1275, 142, 742, 2, 0),
(743, '2023-07-16', 920, 143, 743, 3, 0),
(744, '2023-07-16', 209, 144, 744, 3, 0),
(745, '2023-07-17', 40, 145, 745, 4, 0),
(746, '2023-07-18', 230, 146, 746, 2, 0),
(747, '2023-07-18', 40, 147, 747, 2, 0),
(748, '2023-07-19', 456, 148, 748, 2, 0),
(749, '2023-07-19', 365, 149, 749, 3, 0),
(750, '2023-07-20', 40, 150, 750, 2, 0),
(751, '2023-07-20', 794, 151, 751, 4, 0),
(752, '2023-07-20', 277, 152, 752, 4, 0),
(753, '2023-07-20', 127, 153, 753, 2, 0),
(754, '2023-07-22', 280, 154, 754, 3, 0),
(755, '2023-07-22', 859, 155, 755, 4, 0),
(756, '2023-07-22', 158, 156, 756, 3, 0),
(757, '2023-07-22', 791, 157, 757, 2, 0),
(758, '2023-07-22', 609, 158, 758, 4, 0),
(759, '2023-07-23', 622, 159, 759, 3, 0),
(760, '2023-07-23', 470, 160, 760, 4, 0),
(761, '2023-07-26', 50, 161, 761, 2, 0),
(762, '2023-07-26', 660, 162, 762, 2, 0),
(763, '2023-07-26', 850, 163, 763, 3, 0),
(764, '2023-07-27', 460, 164, 764, 3, 0),
(765, '2023-07-29', 110, 165, 765, 3, 0),
(766, '2023-07-30', 290, 166, 766, 3, 0),
(767, '2023-07-30', 1103, 167, 767, 4, 0),
(768, '2023-07-31', 986, 168, 768, 2, 0),
(769, '2023-08-01', 290, 169, 769, 3, 0),
(770, '2023-08-01', 50, 170, 770, 2, 0),
(771, '2023-08-02', 350, 171, 771, 4, 0),
(772, '2023-08-04', 92, 172, 772, 3, 0),
(773, '2023-08-04', 194, 173, 773, 2, 0),
(774, '2023-08-04', 50, 174, 774, 4, 0),
(775, '2023-08-06', 116, 175, 775, 3, 0),
(776, '2023-08-06', 242, 176, 776, 4, 0),
(777, '2023-08-07', 973, 177, 777, 3, 0),
(778, '2023-08-07', 50, 178, 778, 4, 0),
(779, '2023-08-08', 921, 179, 779, 3, 0),
(780, '2023-08-08', 726, 180, 780, 2, 0),
(781, '2023-08-10', 713, 181, 781, 2, 0),
(782, '2023-08-10', 326, 182, 782, 3, 0),
(783, '2023-08-12', 726, 183, 783, 4, 0),
(784, '2023-08-13', 765, 184, 784, 4, 0),
(785, '2023-08-15', 1350, 185, 785, 4, 0),
(786, '2023-08-16', 50, 186, 786, 2, 0),
(787, '2023-08-16', 146, 187, 787, 2, 0),
(788, '2023-08-16', 200, 188, 788, 2, 0),
(789, '2023-08-16', 1116, 189, 789, 3, 0),
(790, '2023-08-17', 50, 190, 790, 4, 0),
(791, '2023-08-17', 271, 191, 791, 3, 0),
(792, '2023-08-18', 726, 192, 792, 4, 0),
(793, '2023-08-18', 263, 193, 793, 3, 0),
(794, '2023-08-18', 1020, 194, 794, 4, 0),
(795, '2023-08-20', 233, 195, 795, 3, 0),
(796, '2023-08-21', 440, 196, 796, 3, 0),
(797, '2023-08-21', 197, 197, 797, 2, 0),
(798, '2023-08-21', 50, 198, 798, 2, 0),
(799, '2023-08-21', 293, 199, 799, 2, 0),
(800, '2023-08-22', 1103, 200, 800, 3, 0),
(801, '2023-08-23', 380, 201, 801, 2, 0),
(802, '2023-08-23', 212, 202, 802, 3, 0),
(803, '2023-08-23', 1285, 203, 803, 3, 0),
(804, '2023-08-26', 50, 204, 804, 2, 0),
(805, '2023-08-27', 770, 205, 805, 3, 0),
(806, '2023-08-27', 119, 206, 806, 2, 0),
(807, '2023-08-27', 218, 207, 807, 3, 0),
(808, '2023-08-28', 770, 208, 808, 3, 0),
(809, '2023-08-29', 479, 209, 809, 3, 0),
(810, '2023-08-29', 269, 210, 810, 4, 0),
(811, '2023-08-30', 284, 211, 811, 3, 0),
(812, '2023-08-31', 310, 212, 812, 2, 0),
(813, '2023-08-31', 920, 213, 813, 3, 0),
(814, '2023-08-31', 648, 214, 814, 3, 0),
(815, '2023-09-01', 215, 215, 815, 3, 0),
(816, '2023-09-01', 970, 216, 816, 3, 0),
(817, '2023-09-01', 344, 217, 817, 3, 0),
(818, '2023-09-01', 622, 218, 818, 4, 0),
(819, '2023-09-02', 263, 219, 819, 2, 0),
(820, '2023-09-04', 960, 220, 820, 4, 0),
(821, '2023-09-04', 50, 221, 821, 2, 0),
(822, '2023-09-05', 323, 222, 822, 3, 0),
(823, '2023-09-05', 182, 223, 823, 4, 0),
(824, '2023-09-05', 518, 224, 824, 2, 0),
(825, '2023-09-05', 1050, 225, 825, 3, 0),
(826, '2023-09-05', 50, 226, 826, 3, 0),
(827, '2023-09-05', 349, 227, 827, 3, 0),
(828, '2023-09-08', 550, 228, 828, 3, 0),
(829, '2023-09-09', 765, 229, 829, 3, 0),
(830, '2023-09-09', 1181, 230, 830, 4, 0),
(831, '2023-09-10', 176, 231, 831, 4, 0),
(832, '2023-09-12', 197, 232, 832, 2, 0),
(833, '2023-09-13', 1090, 233, 833, 3, 0),
(834, '2023-09-17', 158, 234, 834, 3, 0),
(835, '2023-09-17', 370, 235, 835, 2, 0),
(836, '2023-09-20', 245, 236, 836, 3, 0),
(837, '2023-09-21', 518, 237, 837, 4, 0),
(838, '2023-09-22', 89, 238, 838, 3, 0),
(839, '2023-09-22', 290, 239, 839, 3, 0),
(840, '2023-09-22', 92, 240, 840, 2, 0),
(841, '2023-09-23', 50, 241, 841, 4, 0),
(842, '2023-09-24', 850, 242, 842, 3, 0),
(843, '2023-09-25', 50, 243, 843, 2, 0),
(844, '2023-09-25', 934, 244, 844, 2, 0),
(845, '2023-09-25', 661, 245, 845, 3, 0),
(846, '2023-09-26', 95, 246, 846, 3, 0),
(847, '2023-09-26', 89, 247, 847, 2, 0),
(848, '2023-09-26', 869, 248, 848, 3, 0),
(849, '2023-09-28', 206, 249, 849, 4, 0),
(850, '2023-09-29', 263, 250, 850, 3, 0),
(851, '2023-09-29', 596, 251, 851, 3, 0),
(852, '2023-09-30', 50, 252, 852, 3, 0),
(853, '2023-10-01', 137, 253, 853, 3, 0),
(854, '2023-10-01', 270, 254, 854, 4, 0),
(855, '2023-10-01', 453, 255, 855, 3, 0),
(856, '2023-10-02', 50, 256, 856, 2, 0),
(857, '2023-10-03', 329, 257, 857, 4, 0),
(858, '2023-10-04', 375, 258, 858, 4, 0),
(859, '2023-10-04', 308, 259, 859, 2, 0),
(860, '2023-10-05', 50, 260, 860, 3, 0),
(861, '2023-10-05', 347, 261, 861, 2, 0),
(862, '2023-10-05', 260, 262, 862, 3, 0),
(863, '2023-10-05', 850, 263, 863, 4, 0),
(864, '2023-10-06', 50, 264, 864, 4, 0),
(865, '2023-10-06', 50, 265, 865, 4, 0),
(866, '2023-10-06', 453, 266, 866, 3, 0),
(867, '2023-10-07', 50, 267, 867, 4, 0),
(868, '2023-10-07', 50, 268, 868, 4, 0),
(869, '2023-10-08', 160, 269, 869, 3, 0),
(870, '2023-10-08', 193, 270, 870, 4, 0),
(871, '2023-10-09', 1311, 271, 871, 3, 0),
(872, '2023-10-11', 518, 272, 872, 2, 0),
(873, '2023-10-12', 245, 273, 873, 3, 0),
(874, '2023-10-12', 300, 274, 874, 3, 0),
(875, '2023-10-12', 50, 275, 875, 2, 0),
(876, '2023-10-12', 817, 276, 876, 4, 0),
(877, '2023-10-13', 1337, 277, 877, 2, 0),
(878, '2023-10-13', 810, 278, 878, 3, 0),
(879, '2023-10-14', 336, 279, 879, 3, 0),
(880, '2023-10-16', 311, 280, 880, 2, 0),
(881, '2023-10-16', 375, 281, 881, 3, 0),
(882, '2023-10-16', 350, 282, 882, 3, 0),
(883, '2023-10-16', 778, 283, 883, 2, 0),
(884, '2023-10-18', 986, 284, 884, 4, 0),
(885, '2023-10-18', 272, 285, 885, 3, 0),
(886, '2023-10-19', 230, 286, 886, 3, 0),
(887, '2023-10-19', 338, 287, 887, 3, 0),
(888, '2023-10-20', 50, 288, 888, 2, 0),
(889, '2023-10-20', 50, 289, 889, 3, 0),
(890, '2023-10-21', 890, 290, 890, 4, 0),
(891, '2023-10-21', 164, 291, 891, 2, 0),
(892, '2023-10-23', 674, 292, 892, 4, 0),
(893, '2023-10-23', 278, 293, 893, 2, 0),
(894, '2023-10-23', 104, 294, 894, 2, 0),
(895, '2023-10-25', 278, 295, 895, 4, 0),
(896, '2023-10-25', 400, 296, 896, 2, 0),
(897, '2023-10-26', 340, 297, 897, 4, 0),
(898, '2023-10-26', 98, 298, 898, 2, 0),
(899, '2023-10-28', 50, 299, 899, 4, 0),
(900, '2023-10-29', 940, 300, 900, 4, 0),
(901, '2023-10-30', 209, 1, 901, 4, 0),
(902, '2023-10-31', 1116, 2, 902, 4, 0),
(903, '2023-10-31', 236, 3, 903, 4, 0),
(904, '2023-10-31', 1025, 4, 904, 4, 0),
(905, '2023-10-31', 210, 5, 905, 3, 0),
(906, '2023-11-01', 230, 6, 906, 2, 0),
(907, '2023-11-02', 299, 7, 907, 2, 0),
(908, '2023-11-02', 350, 8, 908, 2, 0),
(909, '2023-11-04', 137, 9, 909, 4, 0),
(910, '2023-11-05', 190, 10, 910, 2, 0),
(911, '2023-11-06', 280, 11, 911, 2, 0),
(912, '2023-11-07', 50, 12, 912, 4, 0),
(913, '2023-11-07', 290, 13, 913, 3, 0),
(914, '2023-11-08', 350, 14, 914, 2, 0),
(915, '2023-11-08', 550, 15, 915, 2, 0),
(916, '2023-11-09', 400, 16, 916, 4, 0),
(917, '2023-11-09', 670, 17, 917, 3, 0),
(918, '2023-11-09', 856, 18, 918, 4, 0),
(919, '2023-11-10', 791, 19, 919, 4, 0),
(920, '2023-11-10', 194, 20, 920, 2, 0),
(921, '2023-11-12', 1040, 21, 921, 3, 0),
(922, '2023-11-12', 329, 22, 922, 4, 0),
(923, '2023-11-13', 205, 23, 923, 4, 0),
(924, '2023-11-13', 976, 24, 924, 3, 0),
(925, '2023-11-14', 980, 25, 925, 3, 0),
(926, '2023-11-15', 40, 26, 926, 3, 0),
(927, '2023-11-17', 40, 27, 927, 3, 0),
(928, '2023-11-17', 88, 28, 928, 3, 0),
(929, '2023-11-17', 650, 29, 929, 3, 0),
(930, '2023-11-18', 292, 30, 930, 3, 0),
(931, '2023-11-19', 976, 31, 931, 2, 0),
(932, '2023-11-19', 292, 32, 932, 4, 0),
(933, '2023-11-20', 222, 33, 933, 2, 0),
(934, '2023-11-20', 1249, 34, 934, 4, 0),
(935, '2023-11-20', 40, 35, 935, 2, 0),
(936, '2023-11-20', 190, 36, 936, 3, 0),
(937, '2023-11-21', 40, 37, 937, 2, 0),
(938, '2023-11-21', 1028, 38, 938, 2, 0),
(939, '2023-11-21', 40, 39, 939, 3, 0),
(940, '2023-11-22', 40, 40, 940, 3, 0),
(941, '2023-11-22', 1020, 41, 941, 3, 0),
(942, '2023-11-23', 265, 42, 942, 2, 0),
(943, '2023-11-23', 232, 43, 943, 3, 0),
(944, '2023-11-24', 235, 44, 944, 3, 0),
(945, '2023-11-25', 840, 45, 945, 2, 0),
(946, '2023-11-25', 760, 46, 946, 4, 0),
(947, '2023-11-28', 268, 47, 947, 4, 0),
(948, '2023-11-28', 963, 48, 948, 4, 0),
(949, '2023-11-29', 500, 49, 949, 4, 0),
(950, '2023-11-30', 79, 50, 950, 2, 0),
(951, '2023-12-01', 1030, 51, 951, 4, 0),
(952, '2023-12-01', 1040, 52, 952, 4, 0),
(953, '2023-12-01', 840, 53, 953, 4, 0),
(954, '2023-12-02', 157, 54, 954, 2, 0),
(955, '2023-12-02', 580, 55, 955, 4, 0),
(956, '2023-12-02', 570, 56, 956, 3, 0),
(957, '2023-12-05', 73, 57, 957, 4, 0),
(958, '2023-12-05', 911, 58, 958, 4, 0),
(959, '2023-12-05', 630, 59, 959, 4, 0),
(960, '2023-12-05', 40, 60, 960, 4, 0),
(961, '2023-12-06', 322, 61, 961, 3, 0),
(962, '2023-12-06', 540, 62, 962, 3, 0),
(963, '2023-12-06', 196, 63, 963, 2, 0),
(964, '2023-12-07', 40, 64, 964, 2, 0),
(965, '2023-12-07', 560, 65, 965, 3, 0),
(966, '2023-12-07', 40, 66, 966, 2, 0),
(967, '2023-12-10', 208, 67, 967, 4, 0),
(968, '2023-12-11', 530, 68, 968, 3, 0),
(969, '2023-12-11', 292, 69, 969, 4, 0),
(970, '2023-12-12', 196, 70, 970, 2, 0),
(971, '2023-12-13', 181, 71, 971, 4, 0),
(972, '2023-12-13', 40, 72, 972, 2, 0),
(973, '2023-12-14', 40, 73, 973, 4, 0),
(974, '2023-12-14', 40, 74, 974, 3, 0),
(975, '2023-12-15', 1067, 75, 975, 3, 0),
(976, '2023-12-15', 295, 76, 976, 2, 0),
(977, '2023-12-16', 181, 77, 977, 3, 0),
(978, '2023-12-18', 270, 78, 978, 2, 0),
(979, '2023-12-18', 40, 79, 979, 2, 0),
(980, '2023-12-19', 184, 80, 980, 2, 0),
(981, '2023-12-19', 638, 81, 981, 4, 0),
(982, '2023-12-20', 480, 82, 982, 4, 0),
(983, '2023-12-21', 990, 83, 983, 3, 0),
(984, '2023-12-23', 325, 84, 984, 3, 0),
(985, '2023-12-23', 235, 85, 985, 4, 0),
(986, '2023-12-24', 850, 86, 986, 2, 0),
(987, '2023-12-24', 40, 87, 987, 2, 0),
(988, '2023-12-26', 91, 88, 988, 2, 0),
(989, '2023-12-26', 391, 89, 989, 2, 0),
(990, '2023-12-27', 40, 90, 990, 2, 0),
(991, '2023-12-27', 181, 91, 991, 2, 0),
(992, '2023-12-28', 40, 92, 992, 4, 0),
(993, '2023-12-28', 1263, 93, 993, 3, 0),
(994, '2023-12-28', 230, 94, 994, 4, 0),
(995, '2023-12-28', 80, 95, 995, 2, 0),
(996, '2023-12-29', 240, 96, 996, 2, 0),
(997, '2023-12-29', 1237, 97, 997, 2, 0),
(998, '2023-12-30', 260, 98, 998, 3, 0),
(999, '2023-12-30', 560, 99, 999, 2, 0),
(1000, '2023-12-30', 80, 100, 1000, 4, 0);

-- --------------------------------------------------------

--
-- Table structure for table `role`
--

CREATE TABLE `role` (
  `Role_Id` int(11) NOT NULL,
  `Role_Name` varchar(100) NOT NULL
) ENGINE=InnoDB DEFAULT CHARSET=utf8 COLLATE=utf8_general_ci;

--
-- Dumping data for table `role`
--

INSERT INTO `role` (`Role_Id`, `Role_Name`) VALUES
(1, 'เจ้าของโรงสี'),
(2, 'ผู้จัดการ'),
(3, 'พนักงานขาย'),
(4, 'พนักงานบริการ');

-- --------------------------------------------------------

--
-- Table structure for table `serviceandproduct`
--

CREATE TABLE `serviceandproduct` (
  `ServiceProduct_Id` int(11) NOT NULL,
  `ServiceProduct_Name` varchar(100) NOT NULL,
  `ServiceProduct_Price` int(11) NOT NULL,
  `ServiceProduct_Point` int(11) NOT NULL,
  `Type_Id` int(11) NOT NULL
) ENGINE=InnoDB DEFAULT CHARSET=utf8 COLLATE=utf8_general_ci;

--
-- Dumping data for table `serviceandproduct`
--

INSERT INTO `serviceandproduct` (`ServiceProduct_Id`, `ServiceProduct_Name`, `ServiceProduct_Price`, `ServiceProduct_Point`, `Type_Id`) VALUES
(1, 'สีข้าว', 0, 1, 1),
(2, 'คัด/ฝัดเมล็ดข้าว', 3, 2, 1),
(3, 'อบข้าว', 10, 3, 1),
(4, 'สีข้าว และ คัด/ฝัดเมล็ดข้าว', 3, 2, 1),
(5, 'สีข้าว และ อบข้าว', 10, 3, 1),
(6, 'คัด/ฝัดเมล็ดข้าว และ อบข้าว', 13, 5, 1),
(7, 'สีข้าว และ คัด/ฝัดเมล็ดข้าว และ อบข้าว', 13, 5, 1),
(8, 'รำข้าว', 8, 2, 2),
(9, 'แกลบ', 8, 2, 2),
(10, 'ข้าวท่อน', 5, 1, 2),
(11, 'ข้าวปลาย', 10, 2, 2);

-- --------------------------------------------------------

--
-- Table structure for table `totalorder`
--

CREATE TABLE `totalorder` (
  `Totalorder_Id` int(11) NOT NULL,
  `OrderProduct_Id` int(11) NOT NULL,
  `OrderService_Id` int(11) NOT NULL
) ENGINE=InnoDB DEFAULT CHARSET=utf8 COLLATE=utf8_general_ci;

--
-- Dumping data for table `totalorder`
--

INSERT INTO `totalorder` (`Totalorder_Id`, `OrderProduct_Id`, `OrderService_Id`) VALUES
(1, 1, 1),
(2, 2, 2),
(3, 3, 3),
(4, 4, 4),
(5, 5, 5),
(6, 6, 6),
(7, 7, 7),
(8, 8, 8),
(9, 9, 9),
(10, 10, 10),
(11, 11, 11),
(12, 12, 12),
(13, 13, 13),
(14, 14, 14),
(15, 15, 15),
(16, 16, 16),
(17, 17, 17),
(18, 18, 18),
(19, 19, 19),
(20, 20, 20),
(21, 21, 21),
(22, 22, 22),
(23, 23, 23),
(24, 24, 24),
(25, 25, 25),
(26, 26, 26),
(27, 27, 27),
(28, 28, 28),
(29, 29, 29),
(30, 30, 30),
(31, 31, 31),
(32, 32, 32),
(33, 33, 33),
(34, 34, 34),
(35, 35, 35),
(36, 36, 36),
(37, 37, 37),
(38, 38, 38),
(39, 39, 39),
(40, 40, 40),
(41, 41, 41),
(42, 42, 42),
(43, 43, 43),
(44, 44, 44),
(45, 45, 45),
(46, 46, 46),
(47, 47, 47),
(48, 48, 48),
(49, 49, 49),
(50, 50, 50),
(51, 51, 51),
(52, 52, 52),
(53, 53, 53),
(54, 54, 54),
(55, 55, 55),
(56, 56, 56),
(57, 57, 57),
(58, 58, 58),
(59, 59, 59),
(60, 60, 60),
(61, 61, 61),
(62, 62, 62),
(63, 63, 63),
(64, 64, 64),
(65, 65, 65),
(66, 66, 66),
(67, 67, 67),
(68, 68, 68),
(69, 69, 69),
(70, 70, 70),
(71, 71, 71),
(72, 72, 72),
(73, 73, 73),
(74, 74, 74),
(75, 75, 75),
(76, 76, 76),
(77, 77, 77),
(78, 78, 78),
(79, 79, 79),
(80, 80, 80),
(81, 81, 81),
(82, 82, 82),
(83, 83, 83),
(84, 84, 84),
(85, 85, 85),
(86, 86, 86),
(87, 87, 87),
(88, 88, 88),
(89, 89, 89),
(90, 90, 90),
(91, 91, 91),
(92, 92, 92),
(93, 93, 93),
(94, 94, 94),
(95, 95, 95),
(96, 96, 96),
(97, 97, 97),
(98, 98, 98),
(99, 99, 99),
(100, 100, 100),
(101, 101, 101),
(102, 102, 102),
(103, 103, 103),
(104, 104, 104),
(105, 105, 105),
(106, 106, 106),
(107, 107, 107),
(108, 108, 108),
(109, 109, 109),
(110, 110, 110),
(111, 111, 111),
(112, 112, 112),
(113, 113, 113),
(114, 114, 114),
(115, 115, 115),
(116, 116, 116),
(117, 117, 117),
(118, 118, 118),
(119, 119, 119),
(120, 120, 120),
(121, 121, 121),
(122, 122, 122),
(123, 123, 123),
(124, 124, 124),
(125, 125, 125),
(126, 126, 126),
(127, 127, 127),
(128, 128, 128),
(129, 129, 129),
(130, 130, 130),
(131, 131, 131),
(132, 132, 132),
(133, 133, 133),
(134, 134, 134),
(135, 135, 135),
(136, 136, 136),
(137, 137, 137),
(138, 138, 138),
(139, 139, 139),
(140, 140, 140),
(141, 141, 141),
(142, 142, 142),
(143, 143, 143),
(144, 144, 144),
(145, 145, 145),
(146, 146, 146),
(147, 147, 147),
(148, 148, 148),
(149, 149, 149),
(150, 150, 150),
(151, 151, 151),
(152, 152, 152),
(153, 153, 153),
(154, 154, 154),
(155, 155, 155),
(156, 156, 156),
(157, 157, 157),
(158, 158, 158),
(159, 159, 159),
(160, 160, 160),
(161, 161, 161),
(162, 162, 162),
(163, 163, 163),
(164, 164, 164),
(165, 165, 165),
(166, 166, 166),
(167, 167, 167),
(168, 168, 168),
(169, 169, 169),
(170, 170, 170),
(171, 171, 171),
(172, 172, 172),
(173, 173, 173),
(174, 174, 174),
(175, 175, 175),
(176, 176, 176),
(177, 177, 177),
(178, 178, 178),
(179, 179, 179),
(180, 180, 180),
(181, 181, 181),
(182, 182, 182),
(183, 183, 183),
(184, 184, 184),
(185, 185, 185),
(186, 186, 186),
(187, 187, 187),
(188, 188, 188),
(189, 189, 189),
(190, 190, 190),
(191, 191, 191),
(192, 192, 192),
(193, 193, 193),
(194, 194, 194),
(195, 195, 195),
(196, 196, 196),
(197, 197, 197),
(198, 198, 198),
(199, 199, 199),
(200, 200, 200),
(201, 201, 201),
(202, 202, 202),
(203, 203, 203),
(204, 204, 204),
(205, 205, 205),
(206, 206, 206),
(207, 207, 207),
(208, 208, 208),
(209, 209, 209),
(210, 210, 210),
(211, 211, 211),
(212, 212, 212),
(213, 213, 213),
(214, 214, 214),
(215, 215, 215),
(216, 216, 216),
(217, 217, 217),
(218, 218, 218),
(219, 219, 219),
(220, 220, 220),
(221, 221, 221),
(222, 222, 222),
(223, 223, 223),
(224, 224, 224),
(225, 225, 225),
(226, 226, 226),
(227, 227, 227),
(228, 228, 228),
(229, 229, 229),
(230, 230, 230),
(231, 231, 231),
(232, 232, 232),
(233, 233, 233),
(234, 234, 234),
(235, 235, 235),
(236, 236, 236),
(237, 237, 237),
(238, 238, 238),
(239, 239, 239),
(240, 240, 240),
(241, 241, 241),
(242, 242, 242),
(243, 243, 243),
(244, 244, 244),
(245, 245, 245),
(246, 246, 246),
(247, 247, 247),
(248, 248, 248),
(249, 249, 249),
(250, 250, 250),
(251, 251, 251),
(252, 252, 252),
(253, 253, 253),
(254, 254, 254),
(255, 255, 255),
(256, 256, 256),
(257, 257, 257),
(258, 258, 258),
(259, 259, 259),
(260, 260, 260),
(261, 261, 261),
(262, 262, 262),
(263, 263, 263),
(264, 264, 264),
(265, 265, 265),
(266, 266, 266),
(267, 267, 267),
(268, 268, 268),
(269, 269, 269),
(270, 270, 270),
(271, 271, 271),
(272, 272, 272),
(273, 273, 273),
(274, 274, 274),
(275, 275, 275),
(276, 276, 276),
(277, 277, 277),
(278, 278, 278),
(279, 279, 279),
(280, 280, 280),
(281, 281, 281),
(282, 282, 282),
(283, 283, 283),
(284, 284, 284),
(285, 285, 285),
(286, 286, 286),
(287, 287, 287),
(288, 288, 288),
(289, 289, 289),
(290, 290, 290),
(291, 291, 291),
(292, 292, 292),
(293, 293, 293),
(294, 294, 294),
(295, 295, 295),
(296, 296, 296),
(297, 297, 297),
(298, 298, 298),
(299, 299, 299),
(300, 300, 300),
(301, 301, 301),
(302, 302, 302),
(303, 303, 303),
(304, 304, 304),
(305, 305, 305),
(306, 306, 306),
(307, 307, 307),
(308, 308, 308),
(309, 309, 309),
(310, 310, 310),
(311, 311, 311),
(312, 312, 312),
(313, 313, 313),
(314, 314, 314),
(315, 315, 315),
(316, 316, 316),
(317, 317, 317),
(318, 318, 318),
(319, 319, 319),
(320, 320, 320),
(321, 321, 321),
(322, 322, 322),
(323, 323, 323),
(324, 324, 324),
(325, 325, 325),
(326, 326, 326),
(327, 327, 327),
(328, 328, 328),
(329, 329, 329),
(330, 330, 330),
(331, 331, 331),
(332, 332, 332),
(333, 333, 333),
(334, 334, 334),
(335, 335, 335),
(336, 336, 336),
(337, 337, 337),
(338, 338, 338),
(339, 339, 339),
(340, 340, 340),
(341, 341, 341),
(342, 342, 342),
(343, 343, 343),
(344, 344, 344),
(345, 345, 345),
(346, 346, 346),
(347, 347, 347),
(348, 348, 348),
(349, 349, 349),
(350, 350, 350),
(351, 351, 351),
(352, 352, 352),
(353, 353, 353),
(354, 354, 354),
(355, 355, 355),
(356, 356, 356),
(357, 357, 357),
(358, 358, 358),
(359, 359, 359),
(360, 360, 360),
(361, 361, 361),
(362, 362, 362),
(363, 363, 363),
(364, 364, 364),
(365, 365, 365),
(366, 366, 366),
(367, 367, 367),
(368, 368, 368),
(369, 369, 369),
(370, 370, 370),
(371, 371, 371),
(372, 372, 372),
(373, 373, 373),
(374, 374, 374),
(375, 375, 375),
(376, 376, 376),
(377, 377, 377),
(378, 378, 378),
(379, 379, 379),
(380, 380, 380),
(381, 381, 381),
(382, 382, 382),
(383, 383, 383),
(384, 384, 384),
(385, 385, 385),
(386, 386, 386),
(387, 387, 387),
(388, 388, 388),
(389, 389, 389),
(390, 390, 390),
(391, 391, 391),
(392, 392, 392),
(393, 393, 393),
(394, 394, 394),
(395, 395, 395),
(396, 396, 396),
(397, 397, 397),
(398, 398, 398),
(399, 399, 399),
(400, 400, 400),
(401, 401, 401),
(402, 402, 402),
(403, 403, 403),
(404, 404, 404),
(405, 405, 405),
(406, 406, 406),
(407, 407, 407),
(408, 408, 408),
(409, 409, 409),
(410, 410, 410),
(411, 411, 411),
(412, 412, 412),
(413, 413, 413),
(414, 414, 414),
(415, 415, 415),
(416, 416, 416),
(417, 417, 417),
(418, 418, 418),
(419, 419, 419),
(420, 420, 420),
(421, 421, 421),
(422, 422, 422),
(423, 423, 423),
(424, 424, 424),
(425, 425, 425),
(426, 426, 426),
(427, 427, 427),
(428, 428, 428),
(429, 429, 429),
(430, 430, 430),
(431, 431, 431),
(432, 432, 432),
(433, 433, 433),
(434, 434, 434),
(435, 435, 435),
(436, 436, 436),
(437, 437, 437),
(438, 438, 438),
(439, 439, 439),
(440, 440, 440),
(441, 441, 441),
(442, 442, 442),
(443, 443, 443),
(444, 444, 444),
(445, 445, 445),
(446, 446, 446),
(447, 447, 447),
(448, 448, 448),
(449, 449, 449),
(450, 450, 450),
(451, 451, 451),
(452, 452, 452),
(453, 453, 453),
(454, 454, 454),
(455, 455, 455),
(456, 456, 456),
(457, 457, 457),
(458, 458, 458),
(459, 459, 459),
(460, 460, 460),
(461, 461, 461),
(462, 462, 462),
(463, 463, 463),
(464, 464, 464),
(465, 465, 465),
(466, 466, 466),
(467, 467, 467),
(468, 468, 468),
(469, 469, 469),
(470, 470, 470),
(471, 471, 471),
(472, 472, 472),
(473, 473, 473),
(474, 474, 474),
(475, 475, 475),
(476, 476, 476),
(477, 477, 477),
(478, 478, 478),
(479, 479, 479),
(480, 480, 480),
(481, 481, 481),
(482, 482, 482),
(483, 483, 483),
(484, 484, 484),
(485, 485, 485),
(486, 486, 486),
(487, 487, 487),
(488, 488, 488),
(489, 489, 489),
(490, 490, 490),
(491, 491, 491),
(492, 492, 492),
(493, 493, 493),
(494, 494, 494),
(495, 495, 495),
(496, 496, 496),
(497, 497, 497),
(498, 498, 498),
(499, 499, 499),
(500, 500, 500),
(501, 501, 501),
(502, 502, 502),
(503, 503, 503),
(504, 504, 504),
(505, 505, 505),
(506, 506, 506),
(507, 507, 507),
(508, 508, 508),
(509, 509, 509),
(510, 510, 510),
(511, 511, 511),
(512, 512, 512),
(513, 513, 513),
(514, 514, 514),
(515, 515, 515),
(516, 516, 516),
(517, 517, 517),
(518, 518, 518),
(519, 519, 519),
(520, 520, 520),
(521, 521, 521),
(522, 522, 522),
(523, 523, 523),
(524, 524, 524),
(525, 525, 525),
(526, 526, 526),
(527, 527, 527),
(528, 528, 528),
(529, 529, 529),
(530, 530, 530),
(531, 531, 531),
(532, 532, 532),
(533, 533, 533),
(534, 534, 534),
(535, 535, 535),
(536, 536, 536),
(537, 537, 537),
(538, 538, 538),
(539, 539, 539),
(540, 540, 540),
(541, 541, 541),
(542, 542, 542),
(543, 543, 543),
(544, 544, 544),
(545, 545, 545),
(546, 546, 546),
(547, 547, 547),
(548, 548, 548),
(549, 549, 549),
(550, 550, 550),
(551, 551, 551),
(552, 552, 552),
(553, 553, 553),
(554, 554, 554),
(555, 555, 555),
(556, 556, 556),
(557, 557, 557),
(558, 558, 558),
(559, 559, 559),
(560, 560, 560),
(561, 561, 561),
(562, 562, 562),
(563, 563, 563),
(564, 564, 564),
(565, 565, 565),
(566, 566, 566),
(567, 567, 567),
(568, 568, 568),
(569, 569, 569),
(570, 570, 570),
(571, 571, 571),
(572, 572, 572),
(573, 573, 573),
(574, 574, 574),
(575, 575, 575),
(576, 576, 576),
(577, 577, 577),
(578, 578, 578),
(579, 579, 579),
(580, 580, 580),
(581, 581, 581),
(582, 582, 582),
(583, 583, 583),
(584, 584, 584),
(585, 585, 585),
(586, 586, 586),
(587, 587, 587),
(588, 588, 588),
(589, 589, 589),
(590, 590, 590),
(591, 591, 591),
(592, 592, 592),
(593, 593, 593),
(594, 594, 594),
(595, 595, 595),
(596, 596, 596),
(597, 597, 597),
(598, 598, 598),
(599, 599, 599),
(600, 600, 600),
(601, 601, 601),
(602, 602, 602),
(603, 603, 603),
(604, 604, 604),
(605, 605, 605),
(606, 606, 606),
(607, 607, 607),
(608, 608, 608),
(609, 609, 609),
(610, 610, 610),
(611, 611, 611),
(612, 612, 612),
(613, 613, 613),
(614, 614, 614),
(615, 615, 615),
(616, 616, 616),
(617, 617, 617),
(618, 618, 618),
(619, 619, 619),
(620, 620, 620),
(621, 621, 621),
(622, 622, 622),
(623, 623, 623),
(624, 624, 624),
(625, 625, 625),
(626, 626, 626),
(627, 627, 627),
(628, 628, 628),
(629, 629, 629),
(630, 630, 630),
(631, 631, 631),
(632, 632, 632),
(633, 633, 633),
(634, 634, 634),
(635, 635, 635),
(636, 636, 636),
(637, 637, 637),
(638, 638, 638),
(639, 639, 639),
(640, 640, 640),
(641, 641, 641),
(642, 642, 642),
(643, 643, 643),
(644, 644, 644),
(645, 645, 645),
(646, 646, 646),
(647, 647, 647),
(648, 648, 648),
(649, 649, 649),
(650, 650, 650),
(651, 651, 651),
(652, 652, 652),
(653, 653, 653),
(654, 654, 654),
(655, 655, 655),
(656, 656, 656),
(657, 657, 657),
(658, 658, 658),
(659, 659, 659),
(660, 660, 660),
(661, 661, 661),
(662, 662, 662),
(663, 663, 663),
(664, 664, 664),
(665, 665, 665),
(666, 666, 666),
(667, 667, 667),
(668, 668, 668),
(669, 669, 669),
(670, 670, 670),
(671, 671, 671),
(672, 672, 672),
(673, 673, 673),
(674, 674, 674),
(675, 675, 675),
(676, 676, 676),
(677, 677, 677),
(678, 678, 678),
(679, 679, 679),
(680, 680, 680),
(681, 681, 681),
(682, 682, 682),
(683, 683, 683),
(684, 684, 684),
(685, 685, 685),
(686, 686, 686),
(687, 687, 687),
(688, 688, 688),
(689, 689, 689),
(690, 690, 690),
(691, 691, 691),
(692, 692, 692),
(693, 693, 693),
(694, 694, 694),
(695, 695, 695),
(696, 696, 696),
(697, 697, 697),
(698, 698, 698),
(699, 699, 699),
(700, 700, 700),
(701, 701, 701),
(702, 702, 702),
(703, 703, 703),
(704, 704, 704),
(705, 705, 705),
(706, 706, 706),
(707, 707, 707),
(708, 708, 708),
(709, 709, 709),
(710, 710, 710),
(711, 711, 711),
(712, 712, 712),
(713, 713, 713),
(714, 714, 714),
(715, 715, 715),
(716, 716, 716),
(717, 717, 717),
(718, 718, 718),
(719, 719, 719),
(720, 720, 720),
(721, 721, 721),
(722, 722, 722),
(723, 723, 723),
(724, 724, 724),
(725, 725, 725),
(726, 726, 726),
(727, 727, 727),
(728, 728, 728),
(729, 729, 729),
(730, 730, 730),
(731, 731, 731),
(732, 732, 732),
(733, 733, 733),
(734, 734, 734),
(735, 735, 735),
(736, 736, 736),
(737, 737, 737),
(738, 738, 738),
(739, 739, 739),
(740, 740, 740),
(741, 741, 741),
(742, 742, 742),
(743, 743, 743),
(744, 744, 744),
(745, 745, 745),
(746, 746, 746),
(747, 747, 747),
(748, 748, 748),
(749, 749, 749),
(750, 750, 750),
(751, 751, 751),
(752, 752, 752),
(753, 753, 753),
(754, 754, 754),
(755, 755, 755),
(756, 756, 756),
(757, 757, 757),
(758, 758, 758),
(759, 759, 759),
(760, 760, 760),
(761, 761, 761),
(762, 762, 762),
(763, 763, 763),
(764, 764, 764),
(765, 765, 765),
(766, 766, 766),
(767, 767, 767),
(768, 768, 768),
(769, 769, 769),
(770, 770, 770),
(771, 771, 771),
(772, 772, 772),
(773, 773, 773),
(774, 774, 774),
(775, 775, 775),
(776, 776, 776),
(777, 777, 777),
(778, 778, 778),
(779, 779, 779),
(780, 780, 780),
(781, 781, 781),
(782, 782, 782),
(783, 783, 783),
(784, 784, 784),
(785, 785, 785),
(786, 786, 786),
(787, 787, 787),
(788, 788, 788),
(789, 789, 789),
(790, 790, 790),
(791, 791, 791),
(792, 792, 792),
(793, 793, 793),
(794, 794, 794),
(795, 795, 795),
(796, 796, 796),
(797, 797, 797),
(798, 798, 798),
(799, 799, 799),
(800, 800, 800),
(801, 801, 801),
(802, 802, 802),
(803, 803, 803),
(804, 804, 804),
(805, 805, 805),
(806, 806, 806),
(807, 807, 807),
(808, 808, 808),
(809, 809, 809),
(810, 810, 810),
(811, 811, 811),
(812, 812, 812),
(813, 813, 813),
(814, 814, 814),
(815, 815, 815),
(816, 816, 816),
(817, 817, 817),
(818, 818, 818),
(819, 819, 819),
(820, 820, 820),
(821, 821, 821),
(822, 822, 822),
(823, 823, 823),
(824, 824, 824),
(825, 825, 825),
(826, 826, 826),
(827, 827, 827),
(828, 828, 828),
(829, 829, 829),
(830, 830, 830),
(831, 831, 831),
(832, 832, 832),
(833, 833, 833),
(834, 834, 834),
(835, 835, 835),
(836, 836, 836),
(837, 837, 837),
(838, 838, 838),
(839, 839, 839),
(840, 840, 840),
(841, 841, 841),
(842, 842, 842),
(843, 843, 843),
(844, 844, 844),
(845, 845, 845),
(846, 846, 846),
(847, 847, 847),
(848, 848, 848),
(849, 849, 849),
(850, 850, 850),
(851, 851, 851),
(852, 852, 852),
(853, 853, 853),
(854, 854, 854),
(855, 855, 855),
(856, 856, 856),
(857, 857, 857),
(858, 858, 858),
(859, 859, 859),
(860, 860, 860),
(861, 861, 861),
(862, 862, 862),
(863, 863, 863),
(864, 864, 864),
(865, 865, 865),
(866, 866, 866),
(867, 867, 867),
(868, 868, 868),
(869, 869, 869),
(870, 870, 870),
(871, 871, 871),
(872, 872, 872),
(873, 873, 873),
(874, 874, 874),
(875, 875, 875),
(876, 876, 876),
(877, 877, 877),
(878, 878, 878),
(879, 879, 879),
(880, 880, 880),
(881, 881, 881),
(882, 882, 882),
(883, 883, 883),
(884, 884, 884),
(885, 885, 885),
(886, 886, 886),
(887, 887, 887),
(888, 888, 888),
(889, 889, 889),
(890, 890, 890),
(891, 891, 891),
(892, 892, 892),
(893, 893, 893),
(894, 894, 894),
(895, 895, 895),
(896, 896, 896),
(897, 897, 897),
(898, 898, 898),
(899, 899, 899),
(900, 900, 900),
(901, 901, 901),
(902, 902, 902),
(903, 903, 903),
(904, 904, 904),
(905, 905, 905),
(906, 906, 906),
(907, 907, 907),
(908, 908, 908),
(909, 909, 909),
(910, 910, 910),
(911, 911, 911),
(912, 912, 912),
(913, 913, 913),
(914, 914, 914),
(915, 915, 915),
(916, 916, 916),
(917, 917, 917),
(918, 918, 918),
(919, 919, 919),
(920, 920, 920),
(921, 921, 921),
(922, 922, 922),
(923, 923, 923),
(924, 924, 924),
(925, 925, 925),
(926, 926, 926),
(927, 927, 927),
(928, 928, 928),
(929, 929, 929),
(930, 930, 930),
(931, 931, 931),
(932, 932, 932),
(933, 933, 933),
(934, 934, 934),
(935, 935, 935),
(936, 936, 936),
(937, 937, 937),
(938, 938, 938),
(939, 939, 939),
(940, 940, 940),
(941, 941, 941),
(942, 942, 942),
(943, 943, 943),
(944, 944, 944),
(945, 945, 945),
(946, 946, 946),
(947, 947, 947),
(948, 948, 948),
(949, 949, 949),
(950, 950, 950),
(951, 951, 951),
(952, 952, 952),
(953, 953, 953),
(954, 954, 954),
(955, 955, 955),
(956, 956, 956),
(957, 957, 957),
(958, 958, 958),
(959, 959, 959),
(960, 960, 960),
(961, 961, 961),
(962, 962, 962),
(963, 963, 963),
(964, 964, 964),
(965, 965, 965),
(966, 966, 966),
(967, 967, 967),
(968, 968, 968),
(969, 969, 969),
(970, 970, 970),
(971, 971, 971),
(972, 972, 972),
(973, 973, 973),
(974, 974, 974),
(975, 975, 975),
(976, 976, 976),
(977, 977, 977),
(978, 978, 978),
(979, 979, 979),
(980, 980, 980),
(981, 981, 981),
(982, 982, 982),
(983, 983, 983),
(984, 984, 984),
(985, 985, 985),
(986, 986, 986),
(987, 987, 987),
(988, 988, 988),
(989, 989, 989),
(990, 990, 990),
(991, 991, 991),
(992, 992, 992),
(993, 993, 993),
(994, 994, 994),
(995, 995, 995),
(996, 996, 996),
(997, 997, 997),
(998, 998, 998),
(999, 999, 999),
(1000, 1000, 1000);

-- --------------------------------------------------------

--
-- Table structure for table `type`
--

CREATE TABLE `type` (
  `Type_Id` int(11) NOT NULL,
  `Type_Name` varchar(100) NOT NULL
) ENGINE=InnoDB DEFAULT CHARSET=utf8 COLLATE=utf8_general_ci;

--
-- Dumping data for table `type`
--

INSERT INTO `type` (`Type_Id`, `Type_Name`) VALUES
(1, 'บริการ'),
(2, 'สินค้า');

--
-- Indexes for dumped tables
--

--
-- Indexes for table `employee`
--
ALTER TABLE `employee`
  ADD PRIMARY KEY (`Employee_Id`);

--
-- Indexes for table `member`
--
ALTER TABLE `member`
  ADD PRIMARY KEY (`Member_Id`);

--
-- Indexes for table `orderproduct`
--
ALTER TABLE `orderproduct`
  ADD PRIMARY KEY (`OrderProduct_Id`);

--
-- Indexes for table `orderservice`
--
ALTER TABLE `orderservice`
  ADD PRIMARY KEY (`OrderService_Id`);

--
-- Indexes for table `promotion`
--
ALTER TABLE `promotion`
  ADD PRIMARY KEY (`Promotion_Id`);

--
-- Indexes for table `receipt`
--
ALTER TABLE `receipt`
  ADD PRIMARY KEY (`Receipt_Id`);

--
-- Indexes for table `role`
--
ALTER TABLE `role`
  ADD PRIMARY KEY (`Role_Id`);

--
-- Indexes for table `serviceandproduct`
--
ALTER TABLE `serviceandproduct`
  ADD PRIMARY KEY (`ServiceProduct_Id`);

--
-- Indexes for table `totalorder`
--
ALTER TABLE `totalorder`
  ADD PRIMARY KEY (`Totalorder_Id`);

--
-- Indexes for table `type`
--
ALTER TABLE `type`
  ADD PRIMARY KEY (`Type_Id`);

--
-- AUTO_INCREMENT for dumped tables
--

--
-- AUTO_INCREMENT for table `employee`
--
ALTER TABLE `employee`
  MODIFY `Employee_Id` int(11) NOT NULL AUTO_INCREMENT, AUTO_INCREMENT=6;

--
-- AUTO_INCREMENT for table `member`
--
ALTER TABLE `member`
  MODIFY `Member_Id` int(11) NOT NULL AUTO_INCREMENT, AUTO_INCREMENT=301;

--
-- AUTO_INCREMENT for table `orderproduct`
--
ALTER TABLE `orderproduct`
  MODIFY `OrderProduct_Id` int(11) NOT NULL AUTO_INCREMENT, AUTO_INCREMENT=1009;

--
-- AUTO_INCREMENT for table `orderservice`
--
ALTER TABLE `orderservice`
  MODIFY `OrderService_Id` int(11) NOT NULL AUTO_INCREMENT, AUTO_INCREMENT=1009;

--
-- AUTO_INCREMENT for table `promotion`
--
ALTER TABLE `promotion`
  MODIFY `Promotion_Id` int(11) NOT NULL AUTO_INCREMENT, AUTO_INCREMENT=9;

--
-- AUTO_INCREMENT for table `receipt`
--
ALTER TABLE `receipt`
  MODIFY `Receipt_Id` int(11) NOT NULL AUTO_INCREMENT, AUTO_INCREMENT=1001;

--
-- AUTO_INCREMENT for table `role`
--
ALTER TABLE `role`
  MODIFY `Role_Id` int(11) NOT NULL AUTO_INCREMENT, AUTO_INCREMENT=5;

--
-- AUTO_INCREMENT for table `serviceandproduct`
--
ALTER TABLE `serviceandproduct`
  MODIFY `ServiceProduct_Id` int(11) NOT NULL AUTO_INCREMENT, AUTO_INCREMENT=12;

--
-- AUTO_INCREMENT for table `totalorder`
--
ALTER TABLE `totalorder`
  MODIFY `Totalorder_Id` int(11) NOT NULL AUTO_INCREMENT, AUTO_INCREMENT=1001;

--
-- AUTO_INCREMENT for table `type`
--
ALTER TABLE `type`
  MODIFY `Type_Id` int(11) NOT NULL AUTO_INCREMENT, AUTO_INCREMENT=3;
COMMIT;

/*!40101 SET CHARACTER_SET_CLIENT=@OLD_CHARACTER_SET_CLIENT */;
/*!40101 SET CHARACTER_SET_RESULTS=@OLD_CHARACTER_SET_RESULTS */;
/*!40101 SET COLLATION_CONNECTION=@OLD_COLLATION_CONNECTION */;
